id,user_id,started_at,ended_at,status,created_at,updated_at,analysis
00075055-b1a8-4f47-998e-3ae614ab5769,dfef8c51-f869-4ead-874d-78d740bfa5d4,2025-06-24 00:26:24.687+00,2025-06-24 00:26:24.824+00,ended,2025-06-24 00:26:24.688251,2025-06-24 00:26:24.824,
000b1890-6b93-4e01-9b10-ab0230ebaa3f,dfef8c51-f869-4ead-874d-78d740bfa5d4,2025-06-24 00:37:42.663+00,2025-06-24 00:37:43.189+00,ended,2025-06-24 00:37:42.667184,2025-06-24 00:37:43.189,
000f4fe3-5bb2-4ff6-a6f2-58d7e570f17b,13089f04-828f-4918-97fd-e5796ef04e77,2025-06-24 03:10:06.102+00,2025-06-24 03:10:06.3+00,ended,2025-06-24 03:10:06.103886,2025-06-24 03:10:06.3,
00132508-4325-45fc-a39f-ae536d0020d5,a5794c51-2dbd-4523-829d-71e5139e7687,2025-07-10 23:07:19.546+00,2025-07-10 23:07:47.3+00,ended,2025-07-10 23:07:19.564774,2025-07-10 23:07:47.3,
002b2d49-4f0f-4360-be2f-70ec86cff0a1,b4e2f64f-e6ec-4da8-aa61-9a2e30158fed,2025-06-24 00:37:16.08+00,2025-06-24 00:37:16.177+00,ended,2025-06-24 00:37:16.083146,2025-06-24 00:37:16.177,
002d5b63-e9eb-4d3c-8fa0-e2ac3055105f,b4e2f64f-e6ec-4da8-aa61-9a2e30158fed,2025-06-24 00:37:16.617+00,2025-06-24 00:37:16.706+00,ended,2025-06-24 00:37:16.618837,2025-06-24 00:37:16.706,
00420410-c3cf-494f-8a31-4d557df2dca5,13089f04-828f-4918-97fd-e5796ef04e77,2025-06-24 03:10:04.793+00,2025-06-24 03:10:04.928+00,ended,2025-06-24 03:10:04.796344,2025-06-24 03:10:04.928,
0054c145-ff9f-4f35-ac76-44bafbbcdfbb,90341f70-0087-4628-a03e-c776221292af,2025-07-06 04:32:02.928+00,2025-07-06 04:32:50.352+00,ended,2025-07-06 04:32:02.932432,2025-07-06 04:32:50.352,"Your posture analysis shows a recurring tendency towards poor craniovertebral angle, particularly in the first half of the session.  This suggests you might be holding your head in a slightly forward and/or downward position more often than ideal.  While there were some periods of better posture, the overall pattern indicates a need to focus on improving head and neck alignment.

The data also reveals some fluctuations in posture throughout the session, suggesting that you may be experiencing periods of fatigue or inattention to your posture.  This is common, and with conscious effort, you can improve consistency.

To address the frequent poor craniovertebral angle, I recommend incorporating short, regular neck stretches throughout your day.  Try gently tilting your head from side to side and performing chin tucks to strengthen the muscles supporting your head and neck.  Being mindful of your posture while sitting or standing, and taking short breaks to stand and move around, can also help maintain better alignment.

Remember, consistent effort is key!  Even small improvements in your posture awareness and habits can make a big difference over time.  Focus on those neck stretches and mindful breaks, and you'll see positive changes in your posture.
"
008b241f-21de-4b9e-8d0a-c5d73b6d5435,b4e2f64f-e6ec-4da8-aa61-9a2e30158fed,2025-06-24 00:38:31.014+00,2025-06-24 00:38:31.223+00,ended,2025-06-24 00:38:31.01656,2025-06-24 00:38:31.223,
008d5acf-822f-4910-88f2-4bbfcc612843,dfef8c51-f869-4ead-874d-78d740bfa5d4,2025-06-24 00:37:45.074+00,2025-06-24 00:37:45.562+00,ended,2025-06-24 00:37:45.076975,2025-06-24 00:37:45.562,
00a224b9-894f-4a8a-834e-fcf256bf441c,dfef8c51-f869-4ead-874d-78d740bfa5d4,2025-06-24 00:26:24.982+00,2025-06-24 00:26:25.116+00,ended,2025-06-24 00:26:24.982925,2025-06-24 00:26:25.116,
0114355a-69d0-4b9f-bcf0-f4ccc7bfebad,4bd6521f-4dc4-4a4f-bd8d-0cbb24653b76,2025-06-07 00:29:44.591+00,2025-06-07 00:29:58.65+00,ended,2025-06-07 00:29:44.627798,2025-06-07 00:29:58.65,
01334c83-de00-4606-9d0e-4267d2bdc801,45312154-5b4d-4c2a-a4fb-63dc82127296,2025-09-17 15:54:32.223+00,2025-09-17 15:55:01.264+00,ended,2025-09-17 15:54:32.289213,2025-09-17 15:55:01.265,"Your posture analysis shows a strong start, with excellent posture maintained for the first 20 seconds.  However, after that initial period, there's a noticeable dip in posture quality. While the exact nature of the issue isn't specified, it seems to be focused around the head and neck area.  It's important to maintain good posture throughout your entire session, not just at the beginning.

To address this, I recommend incorporating short, regular breaks into your routine.  Every 20-30 minutes, stand up, stretch, and walk around for a couple of minutes.  This will help counteract any prolonged periods of sitting and prevent your posture from degrading.  Focus on gentle neck stretches, such as tilting your head from side to side and slowly rotating it.  Also, try chin tucks to counteract any forward head posture.

For longer-term improvement, consider adding some gentle exercises to your daily routine.  Neck rolls and shoulder shrugs can help improve flexibility and strength in these areas.  Remember, consistency is key – even a few minutes of stretching each day can make a big difference.

Maintaining good posture is a journey, not a destination!  By incorporating these simple changes, you'll be well on your way to improving your posture and feeling more comfortable throughout your day.
"
013e3e8e-f972-4b3f-814f-a17783f918e9,dfef8c51-f869-4ead-874d-78d740bfa5d4,2025-06-24 00:37:40.34+00,2025-06-24 00:37:41.032+00,ended,2025-06-24 00:37:40.344552,2025-06-24 00:37:41.032,
01544728-acd7-4566-baad-b7f61ff2135d,dfef8c51-f869-4ead-874d-78d740bfa5d4,2025-06-24 00:37:44.357+00,2025-06-24 00:37:44.947+00,ended,2025-06-24 00:37:44.359985,2025-06-24 00:37:44.947,
01841076-0884-4db1-b8c6-199c29182652,90341f70-0087-4628-a03e-c776221292af,2025-08-26 09:56:53.227+00,2025-08-26 09:57:14.882+00,ended,2025-08-26 09:56:53.228891,2025-08-26 09:57:14.882,
0188862f-830e-49f3-9db7-4a3e40af1aa7,dfef8c51-f869-4ead-874d-78d740bfa5d4,2025-06-24 00:37:40.994+00,2025-06-24 00:37:41.564+00,ended,2025-06-24 00:37:40.99817,2025-06-24 00:37:41.564,
01a033f2-40bd-4d43-a70e-ea551b81d5cd,d868e225-574d-4d14-910b-08b326bb5726,2025-07-01 13:25:09.472+00,2025-07-01 13:26:04.24+00,ended,2025-07-01 13:25:09.492404,2025-07-01 13:26:04.24,
01a5cd04-722f-4be8-b770-5a9a8e9a36b5,90341f70-0087-4628-a03e-c776221292af,2025-10-08 22:34:13.625+00,2025-10-08 22:34:25.299+00,ended,2025-10-08 22:34:13.6261,2025-10-08 22:34:25.299,
02322fb3-629d-46ce-8ddc-37898398da5a,6b55160a-fac9-480c-b004-b976c9a2c0fb,2025-06-15 05:07:04.434+00,2025-06-15 05:08:07.778+00,ended,2025-06-15 05:07:04.436363,2025-06-15 05:08:07.778,
0275a930-1786-48eb-8871-98b42c72e2f0,90341f70-0087-4628-a03e-c776221292af,2025-08-25 21:07:23.194+00,2025-08-25 21:07:31.601+00,ended,2025-08-25 21:07:23.198091,2025-08-25 21:07:31.601,
02e425b8-8b13-45b9-9de5-e7ebdd7834f1,90341f70-0087-4628-a03e-c776221292af,2025-06-25 21:22:52.936+00,2025-06-25 21:23:17.151+00,ended,2025-06-25 21:22:52.967931,2025-06-25 21:23:17.151,
02eb4b6e-9b52-4e92-8188-2796e9098c55,b4e2f64f-e6ec-4da8-aa61-9a2e30158fed,2025-06-24 00:37:17.396+00,2025-06-24 00:37:17.5+00,ended,2025-06-24 00:37:17.398711,2025-06-24 00:37:17.5,
03040dd2-fb6c-4677-8161-f063b41c56cc,13089f04-828f-4918-97fd-e5796ef04e77,2025-06-24 04:04:07.604+00,2025-06-24 04:04:07.772+00,ended,2025-06-24 04:04:07.606864,2025-06-24 04:04:07.772,
03152e74-c1fe-4377-a1bc-fe613d0f7ed1,90341f70-0087-4628-a03e-c776221292af,2025-07-12 08:25:23.607+00,2025-07-12 08:26:03.723+00,ended,2025-07-12 08:25:23.610276,2025-07-12 08:26:03.723,
03459262-87f6-4b1a-9c0f-0fcc907b53b2,13089f04-828f-4918-97fd-e5796ef04e77,2025-06-24 03:24:22.478+00,2025-06-24 03:24:23.248+00,ended,2025-06-24 03:24:22.480599,2025-06-24 03:24:23.248,
0364ede3-f58c-4d07-9ef2-732f677d867f,fddc0bc3-c46f-4502-81ff-ed4ccda0d0dc,2025-09-21 10:56:23.182+00,2025-09-21 10:57:16.729+00,ended,2025-09-21 10:56:23.183568,2025-09-21 10:57:16.729,
03c6b6e8-2ed2-4677-9cc2-33b19dcdd182,95118e93-c66d-4c55-96a8-13886c3cd918,2025-07-15 07:10:47.172+00,2025-07-15 07:10:47.523+00,ended,2025-07-15 07:10:47.175414,2025-07-15 07:10:47.523,
03e8ef47-3c5f-47a8-980f-8f14956a1769,dfef8c51-f869-4ead-874d-78d740bfa5d4,2025-06-24 00:37:43.252+00,2025-06-24 00:37:43.765+00,ended,2025-06-24 00:37:43.254825,2025-06-24 00:37:43.765,
03fcdf28-dbdb-4ba1-b6b4-9f3bf25a44ab,dfef8c51-f869-4ead-874d-78d740bfa5d4,2025-06-24 00:37:39.428+00,2025-06-24 00:37:39.652+00,ended,2025-06-24 00:37:39.429484,2025-06-24 00:37:39.653,
041b3f6c-baa4-464f-9d2e-bd01b46ea77a,13089f04-828f-4918-97fd-e5796ef04e77,2025-06-24 03:10:05.542+00,2025-06-24 03:10:05.675+00,ended,2025-06-24 03:10:05.545339,2025-06-24 03:10:05.675,
043b1816-37c3-4d08-9a59-c575bf818213,dfef8c51-f869-4ead-874d-78d740bfa5d4,2025-06-24 00:37:43.984+00,2025-06-24 00:37:44.441+00,ended,2025-06-24 00:37:43.985408,2025-06-24 00:37:44.441,
04bb0136-5212-45f0-ac3a-8518ff56e657,dfef8c51-f869-4ead-874d-78d740bfa5d4,2025-06-24 00:26:22.478+00,2025-06-24 00:26:23.099+00,ended,2025-06-24 00:26:22.479644,2025-06-24 00:26:23.099,
04bd03d4-8bbe-493c-a176-9669d1094df9,dfef8c51-f869-4ead-874d-78d740bfa5d4,2025-06-24 00:37:41.098+00,2025-06-24 00:37:41.59+00,ended,2025-06-24 00:37:41.10076,2025-06-24 00:37:41.59,
04e3e2e3-9a6a-4bc4-af03-2cb63bc8a731,90341f70-0087-4628-a03e-c776221292af,2025-09-08 20:58:55.972+00,2025-09-08 21:01:15.89+00,ended,2025-09-08 20:58:55.975139,2025-09-08 21:01:15.89,
0511ec9c-0066-4bcc-985f-55d2f4695ad8,13089f04-828f-4918-97fd-e5796ef04e77,2025-06-24 03:10:04.853+00,2025-06-24 03:10:05.008+00,ended,2025-06-24 03:10:04.856113,2025-06-24 03:10:05.008,
055de8c4-57af-4467-b607-1a77f11c02bf,96639588-0c72-472a-b7cd-930476ae1051,2025-08-28 12:16:35.631+00,2025-08-28 12:21:20.234+00,ended,2025-08-28 12:16:35.634695,2025-08-28 12:21:20.234,"Your posture analysis shows a recurring tendency towards poor shoulder posture, with several instances of your shoulders being tilted forward.  This was the most frequently flagged issue during the session. We also observed some periods of poor head-neck angle and forward head posture.  There wasn't a clear pattern of consistent improvement or degradation, but rather periods of better posture interspersed with these recurring issues.

To combat the forward shoulder tilt, try incorporating regular shoulder blade squeezes throughout your day.  Simply squeeze your shoulder blades together, hold for a few seconds, and release.  Repeat this 10-15 times every hour.  Also, remember to take short breaks every 30 minutes to stand up, stretch, and move around.  A simple arm stretch where you extend your arms overhead and gently bend to the side can help counteract the forward shoulder tilt.

For the head and neck issues, try gentle neck stretches.  Tilt your head to the side, bringing your ear towards your shoulder, hold for 15-20 seconds, and repeat on the other side.  Also, be mindful of your screen position – ensure it's at eye level to prevent straining your neck.  Taking short walking breaks can also significantly help improve overall posture and reduce stiffness.

By consciously implementing these simple exercises and breaks, you can significantly improve your posture and reduce the strain on your shoulders and neck. Remember consistency is key – even small changes can make a big difference over time.
"
05ed969f-e5f9-438b-9a35-e6e04784ad32,dfef8c51-f869-4ead-874d-78d740bfa5d4,2025-06-24 00:26:24.088+00,2025-06-24 00:26:24.276+00,ended,2025-06-24 00:26:24.089625,2025-06-24 00:26:24.276,
06157061-6e1a-49b5-82ae-5bfb099e67ef,b4e2f64f-e6ec-4da8-aa61-9a2e30158fed,2025-06-24 00:37:17.67+00,2025-06-24 00:37:17.759+00,ended,2025-06-24 00:37:17.672286,2025-06-24 00:37:17.759,
0616a2f9-5e66-432d-af24-15918071f017,6b55160a-fac9-480c-b004-b976c9a2c0fb,2025-06-13 04:04:48.396+00,2025-06-13 04:05:57.075+00,ended,2025-06-13 04:04:48.39753,2025-06-13 04:05:57.075,
063a4e22-b514-4f0c-86b5-fe6b27730db7,b4e2f64f-e6ec-4da8-aa61-9a2e30158fed,2025-06-24 00:37:15.772+00,2025-06-24 00:37:15.877+00,ended,2025-06-24 00:37:15.773947,2025-06-24 00:37:15.877,
068e2e2e-4d41-4c53-9645-0568f50675a4,dfef8c51-f869-4ead-874d-78d740bfa5d4,2025-06-24 00:37:41.663+00,2025-06-24 00:37:42.198+00,ended,2025-06-24 00:37:41.665892,2025-06-24 00:37:42.198,
072246f1-239b-450d-93bc-00248d6c1d15,b4e2f64f-e6ec-4da8-aa61-9a2e30158fed,2025-06-24 00:38:09.011+00,2025-06-24 00:38:09.295+00,ended,2025-06-24 00:38:09.014059,2025-06-24 00:38:09.295,
07375216-b0a7-4f06-b1ec-50cd640665c5,13089f04-828f-4918-97fd-e5796ef04e77,2025-06-24 04:04:07.773+00,2025-06-24 04:04:08.003+00,ended,2025-06-24 04:04:07.784749,2025-06-24 04:04:08.003,
081e68f1-b7d6-4eca-8d74-28625d76d4ef,90341f70-0087-4628-a03e-c776221292af,2025-07-06 03:34:33.654+00,2025-07-06 03:35:14.994+00,ended,2025-07-06 03:34:33.662984,2025-07-06 03:35:14.994,
082d288e-e2ad-4ad7-a95f-37a450f2c325,90341f70-0087-4628-a03e-c776221292af,2025-09-04 15:31:54.504+00,2025-09-04 15:32:07.414+00,ended,2025-09-04 15:31:54.505595,2025-09-04 15:32:07.414,
0879aae1-bbdd-44a7-a49a-b322bdfee54e,dfef8c51-f869-4ead-874d-78d740bfa5d4,2025-06-24 00:37:41.566+00,2025-06-24 00:37:42.173+00,ended,2025-06-24 00:37:41.567115,2025-06-24 00:37:42.173,
087a18af-6695-4a95-af5b-d8c35e22433b,4bd6521f-4dc4-4a4f-bd8d-0cbb24653b76,2025-06-09 12:29:05.897+00,2025-06-09 12:29:48.372+00,ended,2025-06-09 12:29:05.901565,2025-06-09 12:29:48.372,
088594bd-3c1c-4236-97dc-1fe3ee423aa4,b4e2f64f-e6ec-4da8-aa61-9a2e30158fed,2025-06-24 00:37:16.268+00,2025-06-24 00:37:16.863+00,ended,2025-06-24 00:37:16.269227,2025-06-24 00:37:16.863,
08989c22-2149-431e-a8b3-d48efd280b3b,13089f04-828f-4918-97fd-e5796ef04e77,2025-06-24 03:45:07.391+00,2025-06-24 03:45:07.536+00,ended,2025-06-24 03:45:07.392785,2025-06-24 03:45:07.536,
08e1505c-9dca-40c0-958e-855625f2537e,dfef8c51-f869-4ead-874d-78d740bfa5d4,2025-06-24 00:37:42.733+00,2025-06-24 00:37:43.328+00,ended,2025-06-24 00:37:42.736046,2025-06-24 00:37:43.328,
092a4da6-f66f-4952-9235-4cccde0b48be,90341f70-0087-4628-a03e-c776221292af,2025-08-26 07:37:56.478+00,2025-08-26 07:38:03.743+00,ended,2025-08-26 07:37:56.479118,2025-08-26 07:38:03.743,"Based on the short observation period, your posture appears to be quite good.  There were no significant postural issues identified during this brief session.  This is excellent!

To maintain this positive trend, I recommend continuing to be mindful of your posture throughout your day.  Even short breaks to stand up, stretch, or adjust your seating position can make a big difference.

Keep up the great work!  If you have longer sessions you'd like analyzed in the future, please provide the data.  I'm here to help you identify any areas for improvement.
"
094f354b-dd0d-4eae-beaa-f1a4c2994d07,13089f04-828f-4918-97fd-e5796ef04e77,2025-06-24 03:10:04.563+00,2025-06-24 03:10:04.712+00,ended,2025-06-24 03:10:04.566159,2025-06-24 03:10:04.712,
09985177-733f-4136-ad49-5f1da616feaa,6b55160a-fac9-480c-b004-b976c9a2c0fb,2025-06-14 05:13:04.749+00,2025-06-14 05:13:14.591+00,ended,2025-06-14 05:13:04.799064,2025-06-14 05:13:14.591,
0a488b84-89a0-4a63-932d-53ccf0816a1e,1dca72dc-4452-4ba6-a5f2-973105459857,2025-08-29 01:47:30.251+00,2025-08-29 01:50:00.591+00,ended,2025-08-29 01:47:30.257166,2025-08-29 01:50:00.591,
0a5ac400-48f9-4216-b72d-4dad217cd18a,90341f70-0087-4628-a03e-c776221292af,2025-08-25 16:41:12.652+00,2025-08-25 16:41:23.377+00,ended,2025-08-25 16:41:12.676664,2025-08-25 16:41:23.377,
0aa0cd6f-121c-4c00-b9f3-75a0b2bf6775,dfef8c51-f869-4ead-874d-78d740bfa5d4,2025-06-24 00:37:43.791+00,2025-06-24 00:37:43.943+00,ended,2025-06-24 00:37:43.793393,2025-06-24 00:37:43.943,
0aca02d3-3a5c-40f0-a499-0b286aed0658,dfef8c51-f869-4ead-874d-78d740bfa5d4,2025-06-24 00:37:39.76+00,2025-06-24 00:37:39.891+00,ended,2025-06-24 00:37:39.762683,2025-06-24 00:37:39.891,
0b081b0c-d196-4488-89ef-39b81abe17d3,b4e2f64f-e6ec-4da8-aa61-9a2e30158fed,2025-06-24 00:37:16.507+00,2025-06-24 00:37:16.69+00,ended,2025-06-24 00:37:16.517675,2025-06-24 00:37:16.69,
0b51c8de-04ac-401a-b78c-1782b29fe088,6b55160a-fac9-480c-b004-b976c9a2c0fb,2025-06-11 08:18:51.568+00,2025-06-11 08:18:53.218+00,ended,2025-06-11 08:18:51.572278,2025-06-11 08:18:53.218,
0b737230-ac37-47e5-9b97-b59f7c5375e5,90341f70-0087-4628-a03e-c776221292af,2025-07-09 21:08:46.368+00,2025-07-09 21:09:24.445+00,ended,2025-07-09 21:08:46.370147,2025-07-09 21:09:24.445,
0b766b5d-5bcb-4e66-ab4d-e428d69b3471,bcfe616a-89ef-486c-9ee6-d6d269a23ee2,2025-08-27 15:15:29.9+00,2025-08-27 15:15:51.733+00,ended,2025-08-27 15:15:29.903008,2025-08-27 15:15:51.733,"Your posture analysis shows consistently good posture throughout the monitored minute.  This is excellent!  It suggests you're already maintaining healthy postural habits.

To keep up this great work, try to maintain awareness of your posture even when you're not actively thinking about it.  Small, regular adjustments can help prevent any future issues from developing.  Perhaps set a reminder every hour to briefly check in with your posture.

Since no specific areas of concern were identified, there's no need for targeted exercises.  However, general stretches and light movement every 30-60 minutes can help maintain flexibility and prevent stiffness.

Keep up the fantastic posture!  Your body will thank you for it.
"
0bbbf84d-b91a-47a1-b0d3-40db637e1010,90341f70-0087-4628-a03e-c776221292af,2025-07-10 01:31:14.657+00,2025-07-10 01:31:31.259+00,ended,2025-07-10 01:31:14.660439,2025-07-10 01:31:31.259,
0bed818d-7f06-462e-a6bc-0ca958ccd918,a5794c51-2dbd-4523-829d-71e5139e7687,2025-07-10 22:54:43.843+00,2025-07-10 22:54:59.862+00,ended,2025-07-10 22:54:43.848653,2025-07-10 22:54:59.862,
0bf3c447-27b9-4e66-abbd-e5987ee21806,90341f70-0087-4628-a03e-c776221292af,2025-08-26 09:10:49.813+00,2025-08-26 09:11:51.731+00,ended,2025-08-26 09:10:49.816896,2025-08-26 09:11:51.731,"Your posture analysis shows a generally good posture throughout the session, with only a few minor instances of less-than-ideal posture.  The most frequent area needing attention was a slight forward head position. This occurred sporadically, indicating that you may be unconsciously adopting this posture at certain times.

Interestingly, there's a pattern of good posture followed by a brief period of less-than-optimal posture, suggesting that you may be holding a static posture for extended periods and then shifting slightly.  This is common, and easily corrected.

To improve, I recommend focusing on maintaining a neutral head and neck position.  Try setting reminders to check your posture throughout the day and gently adjust your head and shoulders to ensure they are aligned.  Consider incorporating short, regular posture breaks into your routine where you consciously correct your posture and hold it for a few seconds.

Remember, even small adjustments can make a big difference!  Consistency is key, so keep practicing good posture habits.  Over time, you'll naturally maintain a more neutral and comfortable posture.
"
0bf90391-7cd7-4d32-bb20-abf069039f92,dfef8c51-f869-4ead-874d-78d740bfa5d4,2025-06-24 00:26:22.614+00,2025-06-24 00:26:22.774+00,ended,2025-06-24 00:26:22.615638,2025-06-24 00:26:22.774,
0c0aa4d3-5acd-42c3-8603-4fe2599318aa,ec9df34f-aa24-4a6f-8596-b11fd5b85001,2025-09-02 08:40:07.4+00,2025-09-02 08:40:31.741+00,ended,2025-09-02 08:40:07.577313,2025-09-02 08:40:31.741,
0c0c4a05-94f2-4525-bac2-a764f33674e0,dfef8c51-f869-4ead-874d-78d740bfa5d4,2025-06-24 00:37:44.406+00,2025-06-24 00:37:45.013+00,ended,2025-06-24 00:37:44.408015,2025-06-24 00:37:45.013,
0c4af954-98d9-44be-b81a-9a1e7e8d2601,b4e2f64f-e6ec-4da8-aa61-9a2e30158fed,2025-06-24 00:37:15.867+00,2025-06-24 00:37:16.726+00,ended,2025-06-24 00:37:15.86882,2025-06-24 00:37:16.726,
0c54e825-dca3-4974-bdef-e364b762d0e8,90341f70-0087-4628-a03e-c776221292af,2025-08-26 08:35:04.574+00,2025-08-26 08:35:15.761+00,ended,2025-08-26 08:35:04.57978,2025-08-26 08:35:15.761,"Your posture analysis shows consistently good posture during the observed minute.  Both your craniovertebral angle and neck angle remained excellent throughout the session. This is fantastic!  Keep up the great work.

Since your posture was so good, there aren't any specific areas to target for improvement at this time.  However, maintaining good posture requires ongoing effort.  To help prevent any future issues, consider taking short, regular breaks to stretch your neck and back.  Even a few simple neck rolls or shoulder shrugs can make a difference.

To continue this positive trend, try to be mindful of your posture throughout your day, even when not actively focused on it.  Think about sitting upright with your shoulders relaxed and your head aligned over your spine.


Remember, consistency is key to maintaining good posture.  Keep up the excellent work!
"
0c60cc0c-4a48-45d4-8be2-637cae5374d2,2517bd6a-ed5c-4c59-b53e-396ec87fbdf5,2025-09-03 16:46:56.181+00,2025-09-03 17:38:16.039+00,ended,2025-09-03 16:46:56.191966,2025-09-03 17:38:16.039,
0c787aaf-52cb-4956-b799-334e571b5b5d,79ff3ffa-acb8-4f21-89c3-a04ccb1408a2,2025-06-15 23:56:31.86+00,2025-06-15 23:56:39.798+00,ended,2025-06-15 23:56:31.906688,2025-06-15 23:56:39.798,
0cba1dab-15d8-4b3a-b449-5c2f3efb7253,b47ebe5a-5d46-427d-a738-ed0c1c5585ba,2025-07-08 17:01:33.12+00,2025-07-08 17:02:48.443+00,ended,2025-07-08 17:01:33.123325,2025-07-08 17:02:48.443,
0d1cc84e-ff16-46ce-b6c3-b69eddc37f13,dfef8c51-f869-4ead-874d-78d740bfa5d4,2025-06-24 00:26:22.323+00,2025-06-24 00:26:22.467+00,ended,2025-06-24 00:26:22.32619,2025-06-24 00:26:22.467,
0d231437-9145-4822-8352-5ba0abe4b345,bcfe616a-89ef-486c-9ee6-d6d269a23ee2,2025-08-27 15:15:04.352+00,2025-08-27 15:15:22.727+00,ended,2025-08-27 15:15:04.355429,2025-08-27 15:15:22.727,"Your posture analysis shows consistently good posture across the observed minute.  This is excellent!  You maintained a healthy neck, head, and trunk position throughout the entire session.  Keep up the great work!

To maintain this positive trend, continue focusing on your current posture habits.  Regular breaks to stretch your neck and back can help prevent stiffness and maintain good alignment, even during prolonged periods of sitting or standing.  Consider incorporating short, mindful posture checks throughout your day to ensure you're maintaining your excellent form.

There's nothing to actively correct based on this data; you're doing fantastic.  Maintaining this level of postural awareness is key to long-term health and well-being.
"
0d33362e-379d-4f47-a2e2-85c9f76d22f2,b4e2f64f-e6ec-4da8-aa61-9a2e30158fed,2025-06-24 00:37:16.466+00,2025-06-24 00:37:16.567+00,ended,2025-06-24 00:37:16.468694,2025-06-24 00:37:16.567,
0d67b7bd-32eb-484f-911c-72a76e335c4b,a5794c51-2dbd-4523-829d-71e5139e7687,2025-07-10 21:04:20.17+00,2025-07-10 21:05:39.052+00,ended,2025-07-10 21:04:20.172989,2025-07-10 21:05:39.052,
0d8cc354-85bd-48ef-9586-f87ef7a0bbb7,dfef8c51-f869-4ead-874d-78d740bfa5d4,2025-06-24 00:37:45.094+00,2025-06-24 00:37:45.564+00,ended,2025-06-24 00:37:45.096339,2025-06-24 00:37:45.564,
0e73c2ff-df28-43be-83ed-4344bd6e7f51,90341f70-0087-4628-a03e-c776221292af,2025-08-25 20:26:09.838+00,2025-08-25 20:26:24.067+00,ended,2025-08-25 20:26:09.840091,2025-08-25 20:26:24.067,"Your posture analysis shows consistently good posture during the observed minute.  This is excellent!  It indicates you're maintaining a healthy neck and upper body position.  Keep up the great work!

To maintain this positive trend, I suggest incorporating short, regular posture checks throughout your day.  Even a quick awareness check every 30 minutes can help you catch any subtle slouching before it becomes a habit.

Since your initial posture assessment was so strong, there are no specific problem areas to address.  However, consider incorporating gentle stretching or strengthening exercises for your neck and upper back to further support your excellent posture and prevent any future issues.  Even a few minutes a day can make a big difference.

Continue your current practices and remember that consistent awareness is key to maintaining healthy posture.  Well done!
"
0ea30d8f-b03c-44d8-8895-8c0fea1379d0,13089f04-828f-4918-97fd-e5796ef04e77,2025-06-24 05:11:38.289+00,2025-06-24 05:11:46.473+00,ended,2025-06-24 05:11:38.340587,2025-06-24 05:11:46.473,
0f1d6432-c8cf-4f07-8014-4afad6e69267,a5794c51-2dbd-4523-829d-71e5139e7687,2025-07-10 04:03:56.335+00,2025-07-10 04:04:11.834+00,ended,2025-07-10 04:03:56.339886,2025-07-10 04:04:11.834,
0f42c3b8-8eb6-49bc-a8fa-6e801dba84d6,dfef8c51-f869-4ead-874d-78d740bfa5d4,2025-06-24 00:26:24.374+00,2025-06-24 00:26:24.537+00,ended,2025-06-24 00:26:24.375614,2025-06-24 00:26:24.537,
0f5800d9-d599-45a1-8914-cdfe11121683,05ebc568-216a-4af1-a6b5-fec1872024c0,2025-07-23 21:20:39.712+00,2025-07-23 21:24:02.345+00,ended,2025-07-23 21:20:39.714022,2025-07-23 21:24:02.345,
0f61832f-5ff9-4dfc-8129-9e09fac06d94,dfef8c51-f869-4ead-874d-78d740bfa5d4,2025-06-24 00:37:41.72+00,2025-06-24 00:37:42.181+00,ended,2025-06-24 00:37:41.722397,2025-06-24 00:37:42.181,
0f6c9088-d530-45c5-9ae5-5d3c1f9e7438,6b55160a-fac9-480c-b004-b976c9a2c0fb,2025-06-12 03:38:56.261+00,2025-06-12 03:38:59.358+00,ended,2025-06-12 03:38:56.262835,2025-06-12 03:38:59.358,
0f7055b0-489b-4ac0-b217-3e96f1d307c5,b4e2f64f-e6ec-4da8-aa61-9a2e30158fed,2025-06-24 00:37:15.903+00,2025-06-24 00:37:15.985+00,ended,2025-06-24 00:37:15.90472,2025-06-24 00:37:15.985,
0fa08376-2c9b-4155-8ca0-97a16cd17715,dfef8c51-f869-4ead-874d-78d740bfa5d4,2025-06-24 00:37:44.36+00,2025-06-24 00:37:44.948+00,ended,2025-06-24 00:37:44.361029,2025-06-24 00:37:44.948,
0fc50759-55b1-4604-ba36-5ed1e15fc791,a5794c51-2dbd-4523-829d-71e5139e7687,2025-07-11 02:32:09.795+00,2025-07-11 02:33:35.029+00,ended,2025-07-11 02:32:09.798219,2025-07-11 02:33:35.029,
0fe2c80f-2138-4074-836c-d0deb67117e9,dfef8c51-f869-4ead-874d-78d740bfa5d4,2025-06-24 00:37:40.187+00,2025-06-24 00:37:40.31+00,ended,2025-06-24 00:37:40.188824,2025-06-24 00:37:40.31,
0ff4e5ec-0e87-4533-a4ac-ca9e6c3f106b,ba536641-ed95-49b8-b526-25d1ee3797ad,2025-10-08 22:46:50.207+00,2025-10-08 22:47:57.723+00,ended,2025-10-08 22:46:50.206135,2025-10-08 22:47:57.723,
0ff5cf6e-a576-457e-bfc5-466a0e3b5e7e,90341f70-0087-4628-a03e-c776221292af,2025-07-09 21:36:57.477+00,2025-07-09 21:37:31.465+00,ended,2025-07-09 21:36:57.476457,2025-07-09 21:37:31.465,
1001c7c7-b23a-45fa-982d-5862d495ce56,13089f04-828f-4918-97fd-e5796ef04e77,2025-06-24 03:45:07.54+00,2025-06-24 03:45:07.685+00,ended,2025-06-24 03:45:07.542392,2025-06-24 03:45:07.685,
10e32fee-367c-464e-b13d-37f512e484e0,13089f04-828f-4918-97fd-e5796ef04e77,2025-06-24 03:24:23.445+00,2025-06-24 03:24:23.988+00,ended,2025-06-24 03:24:23.447142,2025-06-24 03:24:23.988,
110029f2-5022-4998-b9cc-0d4b4ddb4fdf,dfef8c51-f869-4ead-874d-78d740bfa5d4,2025-06-24 00:37:40.068+00,2025-06-24 00:37:40.196+00,ended,2025-06-24 00:37:40.070413,2025-06-24 00:37:40.196,
111e6a48-39ae-4277-89b1-35463d8e0028,90341f70-0087-4628-a03e-c776221292af,2025-09-12 09:58:32.668+00,2025-09-12 09:58:59.366+00,ended,2025-09-12 09:58:32.66932,2025-09-12 09:58:59.366,
1148f49c-eabe-4cf0-bc64-710703858e32,dfef8c51-f869-4ead-874d-78d740bfa5d4,2025-06-24 00:26:23.519+00,2025-06-24 00:26:23.677+00,ended,2025-06-24 00:26:23.55321,2025-06-24 00:26:23.677,
1150f37d-ecfc-4984-89fb-844c051129a9,dfef8c51-f869-4ead-874d-78d740bfa5d4,2025-06-24 00:37:45.021+00,2025-06-24 00:37:45.493+00,ended,2025-06-24 00:37:45.022331,2025-06-24 00:37:45.493,
118535d0-11b5-4cb0-a2a3-49c0ad649e1d,dfef8c51-f869-4ead-874d-78d740bfa5d4,2025-06-24 00:37:43.766+00,2025-06-24 00:37:43.924+00,ended,2025-06-24 00:37:43.76873,2025-06-24 00:37:43.924,
119ccdd1-9b2c-4371-b4f9-c874ffb775e2,4bd6521f-4dc4-4a4f-bd8d-0cbb24653b76,2025-06-07 06:09:20.334+00,2025-06-07 06:09:30.862+00,ended,2025-06-07 06:09:20.336867,2025-06-07 06:09:30.862,
11eeb24d-acac-468c-8d8d-8bd9765c9e93,6b6d496a-79f2-40f0-b1f4-11e616220efa,2025-09-20 07:06:02.847+00,2025-09-20 07:20:15.531+00,ended,2025-09-20 07:06:02.890038,2025-09-20 07:20:15.531,
12107ae3-8045-4eeb-9884-68a648445414,4bd6521f-4dc4-4a4f-bd8d-0cbb24653b76,2025-06-09 12:27:44.773+00,2025-06-09 12:28:05.457+00,ended,2025-06-09 12:27:44.77878,2025-06-09 12:28:05.457,
1215ac93-c4d9-4cd2-a25b-6ce2f05503fa,dfef8c51-f869-4ead-874d-78d740bfa5d4,2025-06-24 00:37:43.842+00,2025-06-24 00:37:44.367+00,ended,2025-06-24 00:37:43.844814,2025-06-24 00:37:44.367,
1216673e-bc4d-43de-91d0-b131371e1eb5,a50611bf-dde2-4df6-8a2b-8bfc25c8e6f2,2025-09-18 12:29:51.2+00,,active,2025-09-18 12:29:51.202293,2025-09-18 12:29:51.202293,
124e725b-2103-4bde-8ea6-e82445896d68,dfef8c51-f869-4ead-874d-78d740bfa5d4,2025-06-24 00:37:42.697+00,2025-06-24 00:37:43.241+00,ended,2025-06-24 00:37:42.700669,2025-06-24 00:37:43.241,
12cb1f1c-366a-4cc3-85d9-b3b17f747668,90341f70-0087-4628-a03e-c776221292af,2025-07-22 21:33:43.047+00,2025-07-22 21:34:37.756+00,ended,2025-07-22 21:33:43.049043,2025-07-22 21:34:37.756,"Your posture analysis shows a consistently good posture for the majority of the session, which is fantastic!  The data indicates that your neck and upper back maintained a healthy position throughout most of the minute.  There were no recurring issues identified.

However, there was a brief period where your posture deviated slightly.  This suggests that even with generally good posture, maintaining awareness and occasional adjustments are beneficial.

To further optimize your posture, I recommend incorporating short, mindful breaks every 15-20 minutes to gently stretch your neck and shoulders.  Simple neck rolls and shoulder shrugs can help maintain flexibility and prevent stiffness.  Also, ensure your chair provides adequate lumbar support.

Keep up the great work!  Your consistent good posture is a testament to your commitment to your well-being.  Small adjustments can make a big difference in maintaining this positive trend.
"
12d6b6d1-b2cf-474e-a54c-2ea529a89eff,8a9bfed6-3c84-4296-9b36-1b1bdb9b9f2e,2025-08-13 07:40:54.55+00,2025-08-13 07:42:20.975+00,ended,2025-08-13 07:40:54.556217,2025-08-13 07:42:20.975,"Your posture analysis shows consistently good posture throughout the observed minute.  This is excellent!  It suggests you're already maintaining healthy habits.

To keep up this great work, consider incorporating short, regular movement breaks into your routine. Even a quick stretch every 15-20 minutes can help maintain muscle flexibility and prevent stiffness.  Remember that even with good posture, regular movement is key for overall well-being.

Maintaining this level of postural awareness is fantastic.  Keep up the great work!  There's no specific area to target for improvement at this time, but continuing to be mindful of your posture will ensure you continue to benefit from its positive effects.
"
12de220c-d8db-4e2b-923b-7152245a5615,90341f70-0087-4628-a03e-c776221292af,2025-07-10 02:10:02.841+00,2025-07-10 02:11:00.004+00,ended,2025-07-10 02:10:02.845711,2025-07-10 02:11:00.004,
1310f201-6691-4eb1-b063-677c323695a0,dfef8c51-f869-4ead-874d-78d740bfa5d4,2025-06-24 00:37:41.603+00,2025-06-24 00:37:42.156+00,ended,2025-06-24 00:37:41.604609,2025-06-24 00:37:42.156,
1355e8a3-d83c-44ce-946c-0aa6138879c2,dfef8c51-f869-4ead-874d-78d740bfa5d4,2025-06-24 00:37:42.189+00,2025-06-24 00:37:42.717+00,ended,2025-06-24 00:37:42.221581,2025-06-24 00:37:42.717,
135a661c-37b0-4427-9b70-679738372255,ba536641-ed95-49b8-b526-25d1ee3797ad,2025-10-07 21:10:29.365+00,2025-10-07 21:10:41.735+00,ended,2025-10-07 21:10:29.367807,2025-10-07 21:10:41.735,
135b77f2-ae3b-4ddd-80d9-12b3a11db85f,a5794c51-2dbd-4523-829d-71e5139e7687,2025-07-10 22:35:15.373+00,2025-07-10 22:36:29.639+00,ended,2025-07-10 22:35:15.37792,2025-07-10 22:36:29.639,
136368fd-3807-4eae-beba-2f6dc0b3a7d5,cf36e5d2-1ef0-494e-8818-6681cc989d53,2025-09-08 09:57:34.866+00,2025-09-08 09:57:35.295+00,ended,2025-09-08 09:57:34.870501,2025-09-08 09:57:35.295,
13844be2-c492-45f2-9660-0ed6b66afad9,90341f70-0087-4628-a03e-c776221292af,2025-07-01 21:13:47.155+00,2025-07-01 21:14:05.524+00,ended,2025-07-01 21:13:47.162016,2025-07-01 21:14:05.524,"Your posture analysis shows a generally good posture baseline, with only minor inconsistencies.  The data suggests that while your neck angle occasionally falls into the ""fair"" range, it quickly corrects itself.  There weren't any prolonged periods of poor posture detected.

The most frequent minor issue observed was a slightly less-than-ideal neck angle. This suggests that you might benefit from paying a little extra attention to maintaining a neutral neck position throughout your day.  Small adjustments can make a big difference!

To improve your neck angle, try incorporating short, regular neck stretches.  Even a few minutes each hour can help.  Also, be mindful of your screen position – ensure it's at eye level to avoid unnecessary neck strain.

Remember, consistency is key.  Even small, conscious adjustments to your posture over time will lead to significant improvements in comfort and overall well-being. Keep up the good work!
"
139c9a5d-cf82-40ac-8b59-95e9faf114e2,6b55160a-fac9-480c-b004-b976c9a2c0fb,2025-06-12 03:38:50.461+00,2025-06-12 03:38:56.397+00,ended,2025-06-12 03:38:50.536246,2025-06-12 03:38:56.397,
13e9b29b-5bc6-4fc3-bf7a-6455c23f4861,13089f04-828f-4918-97fd-e5796ef04e77,2025-06-24 03:24:26.262+00,2025-06-24 03:24:27.651+00,ended,2025-06-24 03:24:26.269972,2025-06-24 03:24:27.651,
13f7d4be-f304-40b6-8fe5-1d3efd3d4851,90341f70-0087-4628-a03e-c776221292af,2025-08-26 07:47:05.322+00,2025-08-26 07:47:13.507+00,ended,2025-08-26 07:47:05.322052,2025-08-26 07:47:13.507,"Based on the brief data available, we haven't yet identified any recurring posture problems.  Since this is only a starting point, it's great that we're already tracking your posture!  This will help us build a more comprehensive picture over time.

To proactively maintain good posture, I recommend focusing on maintaining a neutral spine. This means keeping your ears aligned over your shoulders, and your shoulders relaxed and down.  Even short breaks to consciously check your posture can make a big difference.

For now, simply continue to be mindful of your posture throughout the day.  As we gather more data, we can provide more tailored and specific advice to address any recurring issues.  Let's work together to build healthy posture habits!
"
1430b02c-9549-4ced-a864-a685cf2f7955,a5794c51-2dbd-4523-829d-71e5139e7687,2025-07-10 21:53:01.255+00,2025-07-10 21:53:18.403+00,ended,2025-07-10 21:53:01.256306,2025-07-10 21:53:18.403,
14562cc7-938b-448e-9af8-cb0ac4d89660,b4e2f64f-e6ec-4da8-aa61-9a2e30158fed,2025-06-25 01:08:19.677+00,2025-06-25 01:09:21.917+00,ended,2025-06-25 01:08:19.679131,2025-06-25 01:09:21.917,"1. Overall Session Score

Your posture session was acceptable.  While mostly good, a few instances of poor posture occurred, but their brief duration prevents a more serious classification.

2. Deep Dive on Problem Metrics

We observed two metrics needing attention:

Neck Turn:  This measures how much your head is turned to the side.  It's measured by an app or sensor.  About 10% of the session showed poor neck turn. The poor posture appeared at the end of the session.  Sustained neck turning strains neck muscles, leading to pain and stiffness.

Head Forward Posture: This metric assesses how far your head juts forward from your shoulders.  It's measured using sensors or cameras.  It wasn't a major issue in this short session.  Prolonged head-forward posture puts extra strain on your neck and upper back, potentially causing headaches and long-term problems.

3. Structured Solution Plan

a. Immediate Cues: Check your posture now!  Make sure your head is centered over your shoulders, and avoid turning your neck excessively.

b. Workstation Tweaks: Position your monitor directly in front of you at eye level (top of screen at or slightly below eye level).  Ensure your keyboard is close enough to avoid reaching and your chair supports your back.  Use a footrest if your feet don't comfortably reach the floor.

c. Micro-Break & Exercise Routine:  Every 20 minutes, take a 1-minute break to do a neck stretch (gentle head tilts and rotations) and shoulder rolls (forward and backward).  If you notice any head turning, do a few neck stretches immediately.

4. Progress & Tracking Tips

Aim to eliminate all instances of poor posture over the next week. Use a posture tracking app to monitor your progress and receive real-time feedback. Set reminders on your phone to take posture breaks.

5. Motivational Close

You're already on your way to better posture!  Consistency is key – even small improvements add up to big gains over time.  Celebrate those small wins along the way.
"
1488cf59-00d7-4a01-bb21-f018f575e0d7,b4e2f64f-e6ec-4da8-aa61-9a2e30158fed,2025-06-24 00:37:16.911+00,2025-06-24 00:37:17.081+00,ended,2025-06-24 00:37:16.980157,2025-06-24 00:37:17.081,
149842c8-4b0f-463b-a42a-5828caa383ea,6b6d496a-79f2-40f0-b1f4-11e616220efa,2025-09-20 08:02:19.805+00,2025-09-20 08:17:17.571+00,ended,2025-09-20 08:02:19.861424,2025-09-20 08:17:17.571,"Your posture analysis shows a few recurring patterns.  The most frequent issue seems to be a forward head posture,  appearing in several clusters throughout the session.  Additionally, there were several instances of poor neck rotation and head tilt.  We also saw periods where your posture was consistently good, indicating that you are capable of maintaining good posture, but these periods were often followed by longer stretches of less optimal posture.  This suggests that you may benefit from more frequent posture checks and adjustments throughout your workday.


To combat the forward head posture, try incorporating regular neck stretches and exercises.  A simple exercise is to gently tilt your head to the side, holding for 15-20 seconds, then repeat on the other side.  Remember to take short, 5-minute breaks every hour to stand up, walk around, and stretch.  These breaks will help counteract the effects of prolonged sitting.


Addressing the neck rotation and head tilt issues, you might find relief in gentle neck rotations, turning your head slowly from side to side, and chin tucks, where you gently pull your chin back towards your neck.  These simple exercises can help improve neck mobility and alignment.  Remember, consistency is key; even short, regular stretches will make a difference.


Finally, consider your workstation setup. Ensure your monitor is at eye level and your chair provides adequate lumbar support.  Small adjustments to your environment can significantly impact your posture.  By combining these exercises with mindful posture checks, you can build better postural habits and reduce the frequency of these issues.
"
14c79fa8-2f1a-4978-8b46-913822760924,dfef8c51-f869-4ead-874d-78d740bfa5d4,2025-06-24 00:26:24.252+00,2025-06-24 00:26:24.374+00,ended,2025-06-24 00:26:24.252834,2025-06-24 00:26:24.374,
14ca1f79-0a6a-4d12-824a-ff7feaae331b,dfef8c51-f869-4ead-874d-78d740bfa5d4,2025-06-24 00:37:42.194+00,2025-06-24 00:37:42.669+00,ended,2025-06-24 00:37:42.196244,2025-06-24 00:37:42.669,
14edafb7-7b72-4316-966d-736954ae3d68,c218a830-c823-4d0f-a5f7-f7595cb73a78,2025-08-21 04:11:58.098+00,2025-08-21 04:15:08.268+00,ended,2025-08-21 04:11:58.101154,2025-08-21 04:15:08.268,"Your posture analysis shows consistently good posture throughout the entire monitored period.  This is excellent!  It seems you're maintaining a healthy neck, back, and head position.  Keep up the great work!

Maintaining this level of posture is key to long-term health and well-being. To continue this positive trend, consider taking short, mindful breaks every hour to stretch your neck and back gently.  Even a few simple stretches can help maintain your current excellent posture.

There's no need for specific adjustments based on this data, as your posture appears to be already very good.  However, you might want to consider maintaining an awareness of your posture throughout your day, even when not actively monitored.  This proactive approach will help prevent any potential future issues.

Congratulations on your excellent posture!  Continue practicing good habits, and you'll likely experience ongoing benefits.
"
14f2bbb0-0561-4ccd-b52e-fed538acede4,dfef8c51-f869-4ead-874d-78d740bfa5d4,2025-06-24 00:37:41.662+00,2025-06-24 00:37:42.198+00,ended,2025-06-24 00:37:41.663008,2025-06-24 00:37:42.198,
150db0b4-3976-45f0-a113-daa055941726,90341f70-0087-4628-a03e-c776221292af,2025-07-09 23:21:53.725+00,2025-07-09 23:22:17.629+00,ended,2025-07-09 23:21:53.729359,2025-07-09 23:22:17.629,
150e4402-67b9-451c-8216-8c1f078b43c2,90341f70-0087-4628-a03e-c776221292af,2025-06-28 21:50:15.698+00,2025-06-28 21:51:29.604+00,ended,2025-06-28 21:50:15.701931,2025-06-28 21:51:29.604,
1549e5fd-eaf0-4791-9830-b4064589299c,dfef8c51-f869-4ead-874d-78d740bfa5d4,2025-06-24 00:37:43.882+00,2025-06-24 00:37:44.396+00,ended,2025-06-24 00:37:43.883779,2025-06-24 00:37:44.396,
1566b6a1-1eeb-4f59-ba94-937811ca49fc,13089f04-828f-4918-97fd-e5796ef04e77,2025-06-24 03:10:05.145+00,2025-06-24 03:10:05.367+00,ended,2025-06-24 03:10:05.150303,2025-06-24 03:10:05.367,
157d3e2c-80e4-4485-8ab4-2d4565644999,dfef8c51-f869-4ead-874d-78d740bfa5d4,2025-06-24 00:37:45.012+00,2025-06-24 00:37:45.488+00,ended,2025-06-24 00:37:45.014275,2025-06-24 00:37:45.488,
15f46d46-86d2-4673-8450-188f586993c5,90341f70-0087-4628-a03e-c776221292af,2025-07-08 17:33:36.012+00,2025-07-08 17:33:59.199+00,ended,2025-07-08 17:33:36.014934,2025-07-08 17:33:59.199,
15f64258-ceae-4a8a-af81-60262c5314f2,13089f04-828f-4918-97fd-e5796ef04e77,2025-06-24 03:10:06.281+00,2025-06-24 03:10:06.44+00,ended,2025-06-24 03:10:06.284459,2025-06-24 03:10:06.44,
162a639d-5105-495c-ad2e-77a085d62e1e,13089f04-828f-4918-97fd-e5796ef04e77,2025-06-24 03:10:05.939+00,2025-06-24 03:10:06.088+00,ended,2025-06-24 03:10:05.941311,2025-06-24 03:10:06.088,
16371e27-a40d-4bd8-8751-5aacd00f5906,6b55160a-fac9-480c-b004-b976c9a2c0fb,2025-06-14 16:41:19.753+00,2025-06-14 16:41:29.705+00,ended,2025-06-14 16:41:19.798997,2025-06-14 16:41:29.705,
167e4de7-a4d5-420c-bbcb-eb0043dcb4ae,c946261b-7a4b-47f7-a8fd-cc6b4d3bbf1a,2025-08-23 20:52:36.577+00,2025-08-23 20:54:06.705+00,ended,2025-08-23 20:52:36.57743,2025-08-23 20:54:06.705,
16a381ed-d607-4c5f-a919-485befe729ad,a5794c51-2dbd-4523-829d-71e5139e7687,2025-07-10 21:12:48.539+00,2025-07-10 21:13:01.566+00,ended,2025-07-10 21:12:48.540204,2025-07-10 21:13:01.566,
16a3c915-327b-46d8-8bea-8c42e7e90d06,6b55160a-fac9-480c-b004-b976c9a2c0fb,2025-06-11 08:38:03.329+00,2025-06-11 08:38:07.408+00,ended,2025-06-11 08:38:03.379835,2025-06-11 08:38:07.408,
171be7f2-0455-4d5f-bb45-5a2a3d58c2f3,90341f70-0087-4628-a03e-c776221292af,2025-07-11 19:56:27.865+00,2025-07-11 19:57:39.189+00,ended,2025-07-11 19:56:27.869166,2025-07-11 19:57:39.189,
177c58bc-756a-4dac-89ca-fcca1c81e438,01c35b53-252d-4776-9fd5-cef4c87156f0,2025-07-07 23:14:16.123+00,2025-07-07 23:14:29.57+00,ended,2025-07-07 23:14:16.125534,2025-07-07 23:14:29.57,
17856777-09d4-4655-bc00-e622e479d2f5,2517bd6a-ed5c-4c59-b53e-396ec87fbdf5,2025-09-22 10:53:17.744+00,2025-09-22 11:00:07.838+00,ended,2025-09-22 10:53:17.743485,2025-09-22 11:00:07.838,
178bbea1-ef1b-49db-aa2f-54027d43006d,b4e2f64f-e6ec-4da8-aa61-9a2e30158fed,2025-06-24 00:37:16.712+00,2025-06-24 00:37:17.261+00,ended,2025-06-24 00:37:16.715107,2025-06-24 00:37:17.261,
17d02229-6ba5-4fe2-ac9a-fc24a0d73069,b47ebe5a-5d46-427d-a738-ed0c1c5585ba,2025-07-02 03:56:13.186+00,2025-07-02 03:59:03.899+00,ended,2025-07-02 03:56:13.189608,2025-07-02 03:59:03.899,"1. Overall Session Score

Your posture session was classified as acceptable. While there were some periods of excellent posture, the presence of several fair posture instances prevents an excellent overall rating.

2. Deep Dive on Problem Metrics

Two metrics stand out:  Neck Angle and Craniovertebral Angle (CVA).

Neck Angle: This measures how much your head is tilted forward or backward from a neutral position. It's measured using an app or device that tracks head position relative to your shoulders. About 33% of your session showed a fair neck angle. There's no clear temporal pattern in this short sample, but it's worth noting that poor neck angles can lead to neck pain, headaches, and upper back strain over time.

Craniovertebral Angle: This assesses the angle between your head and neck.  It's measured similarly to neck angle.  About 33% of your session showed a fair CVA. Again, no clear pattern emerges here, but maintaining a good CVA is crucial for preventing neck stiffness and potential long-term spinal issues.


3. Structured Solution Plan

a. Immediate Cues:  Try gently lengthening your neck, imagining a string pulling the top of your head upward.  Tuck your chin slightly to avoid tilting your head too far forward or backward.

b. Workstation Tweaks: Ensure your monitor is at eye level (top of screen aligns with your eyes).  Adjust your chair height so your feet are flat on the floor and your knees are bent at a 90-degree angle. If you use a keyboard, ensure it's positioned comfortably and your wrists are straight. Consider a footrest if your feet don't reach the floor comfortably.

c. Micro-Break & Exercise Routine: Every 30 minutes, do a 2-minute routine. Include neck stretches (gentle tilts and rotations), shoulder rolls (forward and backward), and chin tucks (holding for 5 seconds).

4. Progress & Tracking Tips

Over the next week, aim to reduce the instances of fair or poor posture by at least half. Use a posture tracking app to monitor your progress.  Set reminders on your phone to take micro-breaks.  Don't get discouraged by setbacks; celebrate even small improvements!

5. Motivational Close

You're doing great!  Small, consistent improvements in your posture will make a big difference in your comfort and well-being over time. Keep up the good work!
"
17dbfd11-75a7-41a9-86d6-ced70730c4c3,13089f04-828f-4918-97fd-e5796ef04e77,2025-06-24 03:45:07.163+00,2025-06-24 03:45:07.93+00,ended,2025-06-24 03:45:07.165354,2025-06-24 03:45:07.93,
17f8245a-b34e-4d85-94d9-5e92b9b1c2bb,7b60351f-72cb-49df-b0ae-24add26d7608,2025-08-19 04:05:20.791+00,2025-08-19 04:09:20.04+00,ended,2025-08-19 04:05:20.793516,2025-08-19 04:09:20.04,
18009daa-8b2d-4c66-9ff0-fdd27ab63d1a,dfef8c51-f869-4ead-874d-78d740bfa5d4,2025-06-24 00:37:42.283+00,2025-06-24 00:37:42.736+00,ended,2025-06-24 00:37:42.285557,2025-06-24 00:37:42.736,
187f9148-e949-4373-9d33-87b4c947d62e,c8afcc38-a918-4076-8605-d5b2322eebc9,2025-08-22 10:07:28.65+00,2025-08-22 10:08:40.486+00,ended,2025-08-22 10:07:28.653605,2025-08-22 10:08:40.486,"Your posture analysis shows consistently good posture throughout the entire session!  That's fantastic.  It seems you're already maintaining excellent craniovertebral angle, which is key for neck and upper spine health.  Keep up the great work!

Maintaining this level of posture is excellent for your overall health and well-being.  To further support your good habits, consider taking short, mindful breaks every hour to stretch your neck and shoulders gently.  Even a few simple stretches can help maintain your current excellent posture.

There's nothing to improve based on this data; you're doing wonderfully!  Continue prioritizing good posture and remember that even small adjustments throughout the day can make a big difference in the long run.  Congratulations on your excellent posture!
"
18876433-0abe-4e01-8c69-f584ed415dd3,90341f70-0087-4628-a03e-c776221292af,2025-08-27 07:09:13.107+00,2025-08-27 07:10:00.933+00,ended,2025-08-27 07:09:13.109615,2025-08-27 07:10:00.933,"Your posture analysis shows consistently good posture throughout the monitored minute.  This is excellent!  It seems you're maintaining a healthy neck, trunk, and head position.  Keep up the great work!

No specific areas of concern were identified during this session.  Maintaining this level of postural awareness is key to long-term comfort and well-being.

To further enhance your posture, consider incorporating short, regular movement breaks into your routine. Even simple stretches or standing up and walking around for a minute every 30 minutes can make a big difference.

Remember that even with excellent posture, consistent attention and mindful movement are vital for maintaining it.  Continue your great habits!
"
188b9811-0b75-479f-8f01-3be4282392c1,fddc0bc3-c46f-4502-81ff-ed4ccda0d0dc,2025-08-30 15:33:55.723+00,2025-08-30 17:03:05.627+00,ended,2025-08-30 15:33:55.726845,2025-08-30 17:03:05.627,
18bf4b7a-be51-4d6c-90fe-7d5302d0c636,c6a5e946-e209-49f2-a451-23d302d07b9f,2025-07-01 20:48:27.106+00,2025-07-01 20:49:08.826+00,ended,2025-07-01 20:48:27.108251,2025-07-01 20:49:08.826,"1. Overall Session Score

Your posture session was acceptable. While there were some instances of less-than-ideal posture, the majority of the time was spent in good posture positions.

2. Deep Dive on Problem Metrics

We observed a few minutes with fair posture. The most frequent issues involved head and neck positioning.

* Craniovertebral Angle (CVA): This measures the angle between your head and neck.  It was fair in approximately 40% of the session.  There was no clear temporal pattern in this short session, but we can look for patterns as you continue tracking.  A poor CVA can lead to neck pain, headaches, and upper back strain over time.

* Neck Angle: This measures the angle of your neck relative to your shoulders.  It was fair in approximately 20% of the session. Similar to CVA, there wasn't a clear pattern in this short session.  A poor neck angle contributes to similar issues as a poor CVA.

3. Structured Solution Plan

a. Immediate Cues: Check your posture now!  Imagine a string pulling you up from the crown of your head. Keep your shoulders relaxed and down, and your chin parallel to the floor.

b. Workstation Tweaks:  Ensure your monitor is at eye level (top of the screen aligned with your eyes).  Your chair should support your lower back and allow your feet to rest flat on the floor.  Consider a small lumbar support cushion if needed.

c. Micro-Break & Exercise Routine: Every 30 minutes, take a 2-minute break.  Do 30 seconds of neck rolls (gentle circles in both directions), 30 seconds of shoulder shrugs (lifting and relaxing your shoulders), and 60 seconds of upper back stretches (reaching your arms overhead and gently arching your back).

4. Progress & Tracking Tips

Over the next week, aim to reduce the instances of fair posture. You can use a simple timer to remind yourself to check your posture and take breaks.  A posture tracking app could provide helpful feedback and visual progress.

5. Motivational Close

You're already doing great by focusing on your posture! Keep up the good work, and remember that consistency is key. Celebrate those moments when you feel your posture is excellent—those are steps towards building long-term comfort and health.
"
18f0966f-4740-41fd-8fd7-42477c0ea4a8,dfef8c51-f869-4ead-874d-78d740bfa5d4,2025-06-24 00:37:45.035+00,2025-06-24 00:37:45.532+00,ended,2025-06-24 00:37:45.036883,2025-06-24 00:37:45.532,
1911f2a8-ab5d-4ce4-8b7c-6d11455973e5,dfef8c51-f869-4ead-874d-78d740bfa5d4,2025-06-24 00:37:39.79+00,2025-06-24 00:37:39.905+00,ended,2025-06-24 00:37:39.791963,2025-06-24 00:37:39.905,
1941101e-38c3-4c56-a5df-58e298825abf,4bd6521f-4dc4-4a4f-bd8d-0cbb24653b76,2025-06-07 00:34:31.855+00,2025-06-07 00:34:56.563+00,ended,2025-06-07 00:34:31.859933,2025-06-07 00:34:56.563,
19868a5a-0cce-4906-a08f-7c06a6b21957,dfef8c51-f869-4ead-874d-78d740bfa5d4,2025-06-24 00:37:39.895+00,2025-06-24 00:37:40.042+00,ended,2025-06-24 00:37:39.898265,2025-06-24 00:37:40.042,
19cae7c7-49d4-486d-9caf-a2bf81da948a,dfef8c51-f869-4ead-874d-78d740bfa5d4,2025-06-24 00:37:44.379+00,2025-06-24 00:37:45.023+00,ended,2025-06-24 00:37:44.40485,2025-06-24 00:37:45.023,
1a2285ab-2635-413e-a954-b12cb50d4d39,dfef8c51-f869-4ead-874d-78d740bfa5d4,2025-06-24 00:37:41.649+00,2025-06-24 00:37:42.299+00,ended,2025-06-24 00:37:41.652869,2025-06-24 00:37:42.299,
1a734d39-e112-4b2f-973e-f6bee8f82d6a,c6a5e946-e209-49f2-a451-23d302d07b9f,2025-07-01 22:05:12.635+00,2025-07-01 22:06:10.88+00,ended,2025-07-01 22:05:12.639006,2025-07-01 22:06:10.88,
1a9caa74-d7c7-458c-bd78-3db36f3ad467,90341f70-0087-4628-a03e-c776221292af,2025-07-09 22:38:01.699+00,2025-07-09 22:38:28.867+00,ended,2025-07-09 22:38:01.702003,2025-07-09 22:38:28.867,
1abbe2c2-94fa-492b-85ec-b09b9e763d02,b4e2f64f-e6ec-4da8-aa61-9a2e30158fed,2025-06-24 00:38:08.743+00,2025-06-24 00:38:08.855+00,ended,2025-06-24 00:38:08.745902,2025-06-24 00:38:08.855,
1ad5f1cb-9394-41c2-b25e-0e8649edacaa,eecee24b-fa80-4311-94ff-5a13783480fd,2025-08-26 21:54:01.982+00,2025-08-26 22:02:49.232+00,ended,2025-08-26 21:54:02.054864,2025-08-26 22:02:49.232,"Your posture analysis shows consistently excellent posture throughout the monitored session!  It's fantastic to see such good maintenance of your neck, head, and trunk alignment.  Keep up the great work!

There were no significant postural issues identified during this period.  This suggests you're already practicing good posture habits.

To maintain this excellent posture, consider incorporating short, regular movement breaks into your routine.  Even a few minutes of stretching or walking around every hour can help prevent stiffness and fatigue.

Continue your excellent posture habits!  If you experience any changes in your posture or discomfort, don't hesitate to re-evaluate your posture habits and seek professional advice if needed.
"
1aed5934-5ce0-43e1-85e2-df8e356bb34d,90341f70-0087-4628-a03e-c776221292af,2025-09-10 15:31:41.898+00,2025-09-10 15:31:57.508+00,ended,2025-09-10 15:31:41.920967,2025-09-10 15:31:57.508,
1af3b038-1831-4c64-b6cc-5c7d47d10a12,90341f70-0087-4628-a03e-c776221292af,2025-08-25 16:22:42.954+00,2025-08-25 16:23:30.951+00,ended,2025-08-25 16:22:42.982092,2025-08-25 16:23:30.951,"Your posture analysis shows consistently good posture throughout the monitored minute.  This is excellent!  It indicates you're maintaining a healthy neck, trunk, and head position.  Keep up the great work!

To maintain this positive trend, try to be mindful of your posture even when not actively focusing on it.  Simple stretches throughout your day can help prevent stiffness and maintain good posture.  Consider taking short breaks every hour to stand up, stretch, and walk around.

Even with excellent posture, incorporating regular light exercise and strengthening exercises for your core muscles can further support your back and neck, helping to prevent future postural issues.  This will not only improve your posture but also contribute to your overall health and well-being.
"
1b238735-3714-46fb-8ad1-6a1bd4695729,90341f70-0087-4628-a03e-c776221292af,2025-07-09 21:27:17.801+00,2025-07-09 21:27:34.349+00,ended,2025-07-09 21:27:17.804597,2025-07-09 21:27:34.349,
1b8771e7-6af0-4334-a33c-886a2ad09da5,13089f04-828f-4918-97fd-e5796ef04e77,2025-06-24 03:34:29.472+00,2025-06-24 03:34:29.803+00,ended,2025-06-24 03:34:29.473083,2025-06-24 03:34:29.803,
1b9c035c-ba4c-4beb-af42-450e13919349,ca605e3d-176d-4c09-a35e-1e2a7ae01031,2025-07-23 21:33:22.155+00,2025-07-23 21:34:15.254+00,ended,2025-07-23 21:33:22.157266,2025-07-23 21:34:15.254,
1bad05bf-f342-4280-a22d-4271e7d8ee1c,90341f70-0087-4628-a03e-c776221292af,2025-07-10 02:48:25.961+00,2025-07-10 02:49:08.695+00,ended,2025-07-10 02:48:25.964127,2025-07-10 02:49:08.695,
1bd5a5fd-87f9-47d3-8a1b-91416d9d7932,fe3b6d6c-3507-4094-8dd7-e2ef6b15d86d,2025-09-16 15:40:46.037+00,2025-09-16 15:41:38.566+00,ended,2025-09-16 15:40:46.037364,2025-09-16 15:41:38.566,
1c0085fb-b1ec-4fe6-a60f-47c9cd84b384,dfef8c51-f869-4ead-874d-78d740bfa5d4,2025-06-24 00:37:41.066+00,2025-06-24 00:37:41.616+00,ended,2025-06-24 00:37:41.078412,2025-06-24 00:37:41.616,
1c29a97e-f4c9-402f-a90d-fe9927fd0c96,90341f70-0087-4628-a03e-c776221292af,2025-07-07 05:42:23.409+00,2025-07-07 05:42:44.043+00,ended,2025-07-07 05:42:23.412383,2025-07-07 05:42:44.043,
1c5c7ec6-a802-485a-b738-3b09265cda10,dfef8c51-f869-4ead-874d-78d740bfa5d4,2025-06-24 00:26:22.412+00,2025-06-24 00:26:22.587+00,ended,2025-06-24 00:26:22.413395,2025-06-24 00:26:22.587,
1c783d5c-b062-4cdb-a44e-a72711b8b622,b4e2f64f-e6ec-4da8-aa61-9a2e30158fed,2025-06-24 00:37:16.415+00,2025-06-24 00:37:16.533+00,ended,2025-06-24 00:37:16.417232,2025-06-24 00:37:16.533,
1c7dc147-66f5-4152-a518-7e5704529740,90341f70-0087-4628-a03e-c776221292af,2025-07-22 20:37:14.284+00,2025-07-22 20:37:53.89+00,ended,2025-07-22 20:37:14.288796,2025-07-22 20:37:53.89,
1c8f4262-b415-4640-97fd-2b11f289819e,b4e2f64f-e6ec-4da8-aa61-9a2e30158fed,2025-06-24 00:37:16.659+00,2025-06-24 00:37:16.75+00,ended,2025-06-24 00:37:16.661905,2025-06-24 00:37:16.75,
1cacf72c-9aa7-4f26-b6e8-8d245e50592c,c6a5e946-e209-49f2-a451-23d302d07b9f,2025-07-01 22:07:00.943+00,2025-07-01 22:07:09.281+00,ended,2025-07-01 22:07:00.94619,2025-07-01 22:07:09.281,
1cf89273-1a10-4e88-ba8e-e04a476bb998,dfef8c51-f869-4ead-874d-78d740bfa5d4,2025-06-24 00:26:24.51+00,2025-06-24 00:26:24.706+00,ended,2025-06-24 00:26:24.511072,2025-06-24 00:26:24.706,
1d081217-1c9e-4b82-afce-50b14bf5af6c,1ac653f4-5275-4e21-814d-56992851e16a,2025-10-07 13:44:22.123+00,2025-10-07 14:59:58.563+00,ended,2025-10-07 13:44:22.123569,2025-10-07 14:59:58.563,
1d3faf11-75bb-4965-8824-dec48933d51b,dfef8c51-f869-4ead-874d-78d740bfa5d4,2025-06-24 00:37:40.018+00,2025-06-24 00:37:40.155+00,ended,2025-06-24 00:37:40.02263,2025-06-24 00:37:40.155,
1d5704d2-e605-42de-ba48-2a8a49d04e4e,dfef8c51-f869-4ead-874d-78d740bfa5d4,2025-06-24 00:37:42.711+00,2025-06-24 00:37:43.848+00,ended,2025-06-24 00:37:42.713276,2025-06-24 00:37:43.848,
1d7f9254-36bb-4959-8791-ea5ec01556f9,4a1f9676-5ac9-44df-a201-e3322b0d55e8,2025-09-08 23:50:35.908+00,2025-09-09 00:06:33.006+00,ended,2025-09-08 23:50:35.910773,2025-09-09 00:06:33.006,
1d9678cd-e4f2-4691-97a7-93c38b6be691,fd0db13c-cdd1-4e31-b6f9-094997b34925,2025-09-04 14:41:10.687+00,2025-09-04 14:41:59.124+00,ended,2025-09-04 14:41:10.696415,2025-09-04 14:41:59.124,
1da2f275-6e1e-423e-b9e8-d065737bff94,90341f70-0087-4628-a03e-c776221292af,2025-08-26 12:36:24.163+00,2025-08-26 12:36:57.602+00,ended,2025-08-26 12:36:24.167209,2025-08-26 12:36:57.602,"Your posture analysis shows consistently good posture throughout the observed minute.  This is excellent!  It indicates you're maintaining a healthy neck, trunk, and head position.  Keep up the great work!

To maintain this excellent posture, try to be mindful of your sitting and standing positions throughout your day.  Even with perfect posture in this short session, prolonged periods of poor posture can still impact your health.  Regular short breaks and stretches can help.

There's nothing specific to address based on this data, but consider incorporating simple posture checks into your routine.  A quick self-assessment every 30 minutes can help you maintain awareness and prevent any potential issues from developing.  Remember, consistency is key!
"
1dc1df17-fdba-4e78-a0f5-ebe9b57af927,dfef8c51-f869-4ead-874d-78d740bfa5d4,2025-06-24 00:37:42.826+00,2025-06-24 00:37:43.351+00,ended,2025-06-24 00:37:42.829101,2025-06-24 00:37:43.351,
1e418349-db83-4c93-bf82-12318b6bff0b,dfef8c51-f869-4ead-874d-78d740bfa5d4,2025-06-24 00:37:41.121+00,2025-06-24 00:37:41.632+00,ended,2025-06-24 00:37:41.123976,2025-06-24 00:37:41.632,
1e4533fd-89bf-4b93-938b-168a98046419,13089f04-828f-4918-97fd-e5796ef04e77,2025-06-24 03:34:31.938+00,2025-06-24 03:34:32.248+00,ended,2025-06-24 03:34:31.939315,2025-06-24 03:34:32.248,
1e63b783-f4b3-4716-bbf5-54280224997d,b4e2f64f-e6ec-4da8-aa61-9a2e30158fed,2025-06-24 00:37:16.02+00,2025-06-24 00:37:16.13+00,ended,2025-06-24 00:37:16.023512,2025-06-24 00:37:16.13,
1e6593a6-5582-4ddf-9907-c5b7828bc2d7,dfef8c51-f869-4ead-874d-78d740bfa5d4,2025-06-24 00:26:22.51+00,2025-06-24 00:26:22.703+00,ended,2025-06-24 00:26:22.51118,2025-06-24 00:26:22.703,
1e71adf7-8390-4db0-a4b7-060cb0cf2128,13089f04-828f-4918-97fd-e5796ef04e77,2025-06-24 04:04:08.145+00,2025-06-24 04:04:08.427+00,ended,2025-06-24 04:04:08.146886,2025-06-24 04:04:08.427,
1e77e686-4c50-4db7-bb9d-ac74d78bdc49,b4e2f64f-e6ec-4da8-aa61-9a2e30158fed,2025-06-24 00:38:30.752+00,2025-06-24 00:38:31.014+00,ended,2025-06-24 00:38:30.754548,2025-06-24 00:38:31.014,
1e7bcd77-766a-4406-8d90-b5bfd8f0994d,90341f70-0087-4628-a03e-c776221292af,2025-07-12 04:23:43.606+00,2025-07-12 04:24:38.159+00,ended,2025-07-12 04:23:43.610034,2025-07-12 04:24:38.159,
1e891b74-e9c6-4441-b4da-e51776b8a4f8,b4e2f64f-e6ec-4da8-aa61-9a2e30158fed,2025-06-24 00:37:15.712+00,2025-06-24 00:37:15.808+00,ended,2025-06-24 00:37:15.713586,2025-06-24 00:37:15.808,
1e9081c0-4eee-4641-81c8-7c82f6ca7070,dfef8c51-f869-4ead-874d-78d740bfa5d4,2025-06-24 00:37:44.474+00,2025-06-24 00:37:45.043+00,ended,2025-06-24 00:37:44.475474,2025-06-24 00:37:45.043,
1e9aa165-b0b4-4b57-bfa3-9f4781082027,a5794c51-2dbd-4523-829d-71e5139e7687,2025-07-11 02:09:55.785+00,2025-07-11 02:10:39.548+00,ended,2025-07-11 02:09:55.787211,2025-07-11 02:10:39.548,
1ef7f655-2245-4c7e-8319-1f1f4f40e674,dfef8c51-f869-4ead-874d-78d740bfa5d4,2025-06-24 00:37:41.807+00,2025-06-24 00:37:42.189+00,ended,2025-06-24 00:37:41.808588,2025-06-24 00:37:42.189,
1f3f3332-2a0b-4949-872c-fe759b0c6475,dfef8c51-f869-4ead-874d-78d740bfa5d4,2025-06-24 00:37:43.875+00,2025-06-24 00:37:44.397+00,ended,2025-06-24 00:37:43.876696,2025-06-24 00:37:44.397,
1f7051c0-4cca-42b1-9dce-f7e8ba43ded6,b06753b2-7692-449d-9c55-4f0e17d177fb,2025-07-11 19:42:14.888+00,2025-07-11 19:43:52.332+00,ended,2025-07-11 19:42:14.892012,2025-07-11 19:43:52.332,
1f7f4600-e48e-4922-be91-db0bc98a8db0,13089f04-828f-4918-97fd-e5796ef04e77,2025-06-24 03:10:04.994+00,2025-06-24 03:10:05.128+00,ended,2025-06-24 03:10:04.996977,2025-06-24 03:10:05.128,
1f886cbb-5055-4505-b6e2-865ae8fb0c03,dfef8c51-f869-4ead-874d-78d740bfa5d4,2025-06-24 00:37:42.164+00,2025-06-24 00:37:42.667+00,ended,2025-06-24 00:37:42.165358,2025-06-24 00:37:42.667,
1f8ad6b5-c5ac-425d-a224-fb0889d7b834,b4e2f64f-e6ec-4da8-aa61-9a2e30158fed,2025-06-24 00:37:15.612+00,2025-06-24 00:37:15.712+00,ended,2025-06-24 00:37:15.615769,2025-06-24 00:37:15.712,
1f917790-e382-4781-8184-edbdc2728d81,b4e2f64f-e6ec-4da8-aa61-9a2e30158fed,2025-06-24 00:37:16.247+00,2025-06-24 00:37:16.332+00,ended,2025-06-24 00:37:16.248039,2025-06-24 00:37:16.332,
1ff40dd3-b626-4eec-b66e-5d07ba551dd6,dfef8c51-f869-4ead-874d-78d740bfa5d4,2025-06-24 00:37:45.028+00,2025-06-24 00:37:45.525+00,ended,2025-06-24 00:37:45.03102,2025-06-24 00:37:45.525,
202daa1b-b3de-41a7-82df-c3f46510e164,dfef8c51-f869-4ead-874d-78d740bfa5d4,2025-06-24 00:37:39.896+00,2025-06-24 00:37:40.018+00,ended,2025-06-24 00:37:39.897868,2025-06-24 00:37:40.018,
20473117-ccee-428f-a177-c7597cc9a553,dfef8c51-f869-4ead-874d-78d740bfa5d4,2025-06-24 00:26:23.453+00,2025-06-24 00:26:23.59+00,ended,2025-06-24 00:26:23.461151,2025-06-24 00:26:23.59,
20a28140-2ef1-4037-bc53-9a632f20e6d9,fddc0bc3-c46f-4502-81ff-ed4ccda0d0dc,2025-08-30 15:26:15.17+00,2025-08-30 15:31:02.609+00,ended,2025-08-30 15:26:15.17248,2025-08-30 15:31:02.609,
20a66ccc-2c9c-4280-a04e-1af6d99c53e2,dfef8c51-f869-4ead-874d-78d740bfa5d4,2025-06-24 00:37:41.655+00,2025-06-24 00:37:42.159+00,ended,2025-06-24 00:37:41.657993,2025-06-24 00:37:42.159,
20bcdbe5-c721-4a96-a62b-2f3fc5d7d34f,90341f70-0087-4628-a03e-c776221292af,2025-07-07 05:47:46.66+00,2025-07-07 05:48:00.06+00,ended,2025-07-07 05:47:46.694199,2025-07-07 05:48:00.06,
20daca64-4959-426b-a81d-37237b5908e7,6b6d496a-79f2-40f0-b1f4-11e616220efa,2025-09-20 08:34:22.13+00,2025-09-20 08:41:11.111+00,ended,2025-09-20 08:34:22.128663,2025-09-20 08:41:11.111,
210f0eab-e640-464d-844d-b1096381c4b8,2517bd6a-ed5c-4c59-b53e-396ec87fbdf5,2025-09-22 11:02:57.155+00,2025-09-22 11:03:47.162+00,ended,2025-09-22 11:02:57.157019,2025-09-22 11:03:47.162,
212d4823-2b44-4b0c-bd19-eb6427d46b2a,90341f70-0087-4628-a03e-c776221292af,2025-07-12 07:45:22.258+00,2025-07-12 07:45:58.741+00,ended,2025-07-12 07:45:22.293966,2025-07-12 07:45:58.741,
215a7cb3-55f4-4cfa-9740-5f6e9215876f,dfef8c51-f869-4ead-874d-78d740bfa5d4,2025-06-24 00:26:22.939+00,2025-06-24 00:26:23.072+00,ended,2025-06-24 00:26:22.939917,2025-06-24 00:26:23.072,
216718f9-39e6-422b-887c-4e8b7c5e4eeb,90341f70-0087-4628-a03e-c776221292af,2025-07-09 20:53:49.65+00,2025-07-09 20:54:08.671+00,ended,2025-07-09 20:53:49.653242,2025-07-09 20:54:08.671,
2167718a-4ebc-4ea5-8c03-c4d5460bf043,6b55160a-fac9-480c-b004-b976c9a2c0fb,2025-06-13 04:30:31.007+00,2025-06-13 04:30:46.022+00,ended,2025-06-13 04:30:31.018748,2025-06-13 04:30:46.022,
21b3949d-020f-453a-88db-fd7027e7b5d3,90341f70-0087-4628-a03e-c776221292af,2025-07-09 19:45:45.335+00,2025-07-09 19:46:16.633+00,ended,2025-07-09 19:45:45.337781,2025-07-09 19:46:16.633,
224aad75-7dda-4bc0-b5de-1a18390c6e2a,b4e2f64f-e6ec-4da8-aa61-9a2e30158fed,2025-06-24 00:37:17.565+00,2025-06-24 00:37:17.67+00,ended,2025-06-24 00:37:17.568119,2025-06-24 00:37:17.67,
22868c78-7b21-4964-9b6a-b2263c5db92d,dfef8c51-f869-4ead-874d-78d740bfa5d4,2025-06-24 00:37:41.022+00,2025-06-24 00:37:41.633+00,ended,2025-06-24 00:37:41.023244,2025-06-24 00:37:41.633,
2291de40-8220-460f-9aaf-53fe766c74e3,dfef8c51-f869-4ead-874d-78d740bfa5d4,2025-06-24 00:37:43.39+00,2025-06-24 00:37:43.896+00,ended,2025-06-24 00:37:43.394796,2025-06-24 00:37:43.896,
22d57aba-e839-4222-b8f7-f92152341294,96639588-0c72-472a-b7cd-930476ae1051,2025-08-28 14:14:29.605+00,2025-08-28 14:17:21.607+00,ended,2025-08-28 14:14:29.604494,2025-08-28 14:17:21.607,
22efbe28-d27c-4ce8-b3fc-3754c1690cda,a5794c51-2dbd-4523-829d-71e5139e7687,2025-07-11 07:44:17.3+00,2025-07-11 07:46:30.223+00,ended,2025-07-11 07:44:17.307284,2025-07-11 07:46:30.223,
2302c182-f6eb-484e-a851-cedd90119837,dfef8c51-f869-4ead-874d-78d740bfa5d4,2025-06-24 00:37:42.1+00,2025-06-24 00:37:42.212+00,ended,2025-06-24 00:37:42.101327,2025-06-24 00:37:42.212,
2329454f-d3d8-4996-986f-ec0ffa31c9b8,6d5bd710-774f-4d25-b107-cb9e1e7f8ba6,2025-07-21 10:24:08.379+00,2025-07-21 10:24:49.877+00,ended,2025-07-21 10:24:08.381741,2025-07-21 10:24:49.877,
23314157-710a-4f27-9a32-d6325bae52f2,90341f70-0087-4628-a03e-c776221292af,2025-08-26 08:23:12.227+00,2025-08-26 08:23:26.523+00,ended,2025-08-26 08:23:12.234708,2025-08-26 08:23:26.523,
23689074-e992-4ad6-94cf-32d613aba8c7,b4e2f64f-e6ec-4da8-aa61-9a2e30158fed,2025-06-24 00:37:15.869+00,2025-06-24 00:37:15.97+00,ended,2025-06-24 00:37:15.875996,2025-06-24 00:37:15.97,
241afa86-0df3-4450-b151-b77f7aeec58c,90341f70-0087-4628-a03e-c776221292af,2025-07-22 21:38:15.735+00,2025-07-22 21:39:51.828+00,ended,2025-07-22 21:38:15.737992,2025-07-22 21:39:51.828,"Your posture assessment shows a very brief session with excellent posture!  There were no areas identified as needing improvement during the recording.  This is fantastic!

To maintain this great posture, remember to take short breaks throughout your day to stand up, stretch, and move around.  Even small adjustments can make a big difference in preventing any postural issues from developing.  Keep up the great work!
"
2437ebdd-04dc-444e-ac5e-786bda450e2d,4bd6521f-4dc4-4a4f-bd8d-0cbb24653b76,2025-06-07 22:25:23.203+00,2025-06-07 22:26:07.864+00,ended,2025-06-07 22:25:23.205781,2025-06-07 22:26:07.864,
2476c261-3f34-4e39-8e76-7838c5f5864f,dfef8c51-f869-4ead-874d-78d740bfa5d4,2025-06-24 00:37:44.44+00,2025-06-24 00:37:45.024+00,ended,2025-06-24 00:37:44.443214,2025-06-24 00:37:45.024,
2498084d-5c24-4d60-bc70-4165d33688bc,90341f70-0087-4628-a03e-c776221292af,2025-07-09 21:46:51.549+00,2025-07-09 21:47:13.939+00,ended,2025-07-09 21:46:51.551293,2025-07-09 21:47:13.939,
249d3184-17fc-4d94-8277-1fa72284af00,b4e2f64f-e6ec-4da8-aa61-9a2e30158fed,2025-06-24 00:37:16.98+00,2025-06-24 00:37:17.123+00,ended,2025-06-24 00:37:17.014319,2025-06-24 00:37:17.123,
24ad22b6-74c6-4154-849e-741091009ef1,dfef8c51-f869-4ead-874d-78d740bfa5d4,2025-06-24 00:37:45.066+00,2025-06-24 00:37:45.57+00,ended,2025-06-24 00:37:45.068198,2025-06-24 00:37:45.57,
2512b6ec-aa90-43c9-bd83-eff7df83db35,dfef8c51-f869-4ead-874d-78d740bfa5d4,2025-06-24 00:26:23.101+00,2025-06-24 00:26:23.304+00,ended,2025-06-24 00:26:23.102192,2025-06-24 00:26:23.304,
25528070-41fb-421c-be0c-2add911a7213,87811a32-439a-4c0b-aaf4-b5cb2a31d18b,2025-09-11 10:30:05.815+00,2025-09-11 10:35:00.091+00,ended,2025-09-11 10:30:05.81828,2025-09-11 10:35:00.091,
2563ecc5-2162-49b2-b243-1f5b3b982bad,90341f70-0087-4628-a03e-c776221292af,2025-09-03 15:46:29.505+00,2025-09-03 15:47:02.19+00,ended,2025-09-03 15:46:29.507435,2025-09-03 15:47:02.19,
2579eded-6713-4a63-9281-d62370e5bdca,90341f70-0087-4628-a03e-c776221292af,2025-07-22 21:14:22.382+00,2025-07-22 21:14:36.694+00,ended,2025-07-22 21:14:22.381455,2025-07-22 21:14:36.694,"Your posture analysis shows consistently good posture during the monitored session.  There were no significant issues identified with neck angle, head position, shoulder slope, or trunk alignment.  Keep up the great work!

Maintaining this excellent posture is key to long-term health and well-being. To help you stay on track, consider incorporating short, regular posture checks throughout your day.  Even a few seconds of mindful attention to your posture can make a big difference.

Since your posture was already excellent during this session, there is no specific advice needed.  However, maintaining awareness and incorporating regular movement breaks can help prevent any future postural issues.
"
257d6b43-10de-40ab-832e-665e5c15360f,dfef8c51-f869-4ead-874d-78d740bfa5d4,2025-06-24 00:37:40.269+00,2025-06-24 00:37:40.976+00,ended,2025-06-24 00:37:40.27506,2025-06-24 00:37:40.976,
2590772d-4449-4ac9-9e7b-278287643b5c,e44dcea5-2b0c-4bcc-9150-c94b044fabf9,2025-07-17 12:01:00.438+00,2025-07-17 12:01:03.743+00,ended,2025-07-17 12:01:00.440938,2025-07-17 12:01:03.743,"Your posture analysis shows a very brief session with only one data point indicating good posture across all metrics.  There's not enough data to identify any recurring problems or trends.

To maintain this excellent start, I recommend continuing to be mindful of your posture throughout your day.  Even short periods of good posture add up!  Try setting reminders to check your posture every hour or so.

Since this was a short session, consider extending your next session to allow for a more comprehensive analysis.  This will help us identify any areas needing specific attention and tailor advice to your individual needs.  We'll be able to give you more personalized recommendations then.
"
2590e51e-6630-42c0-91ff-d84fd105592d,90341f70-0087-4628-a03e-c776221292af,2025-09-01 15:49:04.708+00,2025-09-01 15:50:06.483+00,ended,2025-09-01 15:49:04.710724,2025-09-01 15:50:06.483,
2591cd0b-4315-45c6-a7b2-09a93e1c51bb,90341f70-0087-4628-a03e-c776221292af,2025-09-09 09:28:44.148+00,2025-09-09 09:29:47.156+00,ended,2025-09-09 09:28:44.155867,2025-09-09 09:29:47.156,
25cb4eb5-420c-4fbc-89b9-0ae51b0ef380,dfef8c51-f869-4ead-874d-78d740bfa5d4,2025-06-24 00:37:45.169+00,2025-06-24 00:37:45.563+00,ended,2025-06-24 00:37:45.170386,2025-06-24 00:37:45.563,
25e6cede-abc9-436e-80dc-c85c2c341f85,45312154-5b4d-4c2a-a4fb-63dc82127296,2025-09-17 15:58:24.179+00,2025-09-17 15:59:36.192+00,ended,2025-09-17 15:58:24.180433,2025-09-17 15:59:36.192,
26310362-45b5-4117-8b55-61fc3b9d1744,dfef8c51-f869-4ead-874d-78d740bfa5d4,2025-06-24 00:37:42.666+00,2025-06-24 00:37:43.216+00,ended,2025-06-24 00:37:42.669517,2025-06-24 00:37:43.216,
2650ef6e-6ebc-4aec-b234-c25de3928b45,b4e2f64f-e6ec-4da8-aa61-9a2e30158fed,2025-06-24 00:37:16.007+00,2025-06-24 00:37:16.113+00,ended,2025-06-24 00:37:16.01025,2025-06-24 00:37:16.113,
2663f081-c785-4b5b-adf6-5ad01a5514e3,dfef8c51-f869-4ead-874d-78d740bfa5d4,2025-06-24 00:37:44.624+00,2025-06-24 00:37:45.066+00,ended,2025-06-24 00:37:44.625712,2025-06-24 00:37:45.066,
26835a1a-673d-4acf-bcb5-1d980835d5d4,05ebc568-216a-4af1-a6b5-fec1872024c0,2025-07-19 21:38:55.218+00,2025-07-19 21:43:09.076+00,ended,2025-07-19 21:38:55.217734,2025-07-19 21:43:09.076,
269062e1-4ea4-4b3c-9079-aa36a953ddd6,90341f70-0087-4628-a03e-c776221292af,2025-09-04 12:46:50.243+00,2025-09-04 12:48:05.253+00,ended,2025-09-04 12:46:50.248818,2025-09-04 12:48:05.253,
26f09401-1a9e-4676-b28a-8b7da9891eca,fe3b6d6c-3507-4094-8dd7-e2ef6b15d86d,2025-09-24 14:45:31.181+00,2025-09-24 14:45:45.69+00,ended,2025-09-24 14:45:31.18072,2025-09-24 14:45:45.69,
26f2b5e9-fffb-4992-828a-e2038b98ab2d,b4e2f64f-e6ec-4da8-aa61-9a2e30158fed,2025-06-24 00:37:16.42+00,2025-06-24 00:37:16.535+00,ended,2025-06-24 00:37:16.423969,2025-06-24 00:37:16.535,
26f9a865-ba18-48fc-a024-dcf9a9630bcd,90341f70-0087-4628-a03e-c776221292af,2025-08-26 08:47:22.297+00,2025-08-26 08:47:58.183+00,ended,2025-08-26 08:47:22.300834,2025-08-26 08:47:58.183,"Your posture analysis shows consistently good posture throughout the monitored minute!  This is excellent and indicates you're likely already practicing good habits.  Keep up the great work!

To maintain this healthy posture, consider incorporating short, regular movement breaks into your routine. Even a quick stretch or walk around every 30 minutes can help prevent stiffness and fatigue.  Remember that even with good posture, regular movement is key to long-term comfort and health.

There's nothing to improve based on this short session, but if you experience any discomfort or notice changes in your posture in the future, don't hesitate to analyze again.  Maintaining awareness is a key component of good posture!
"
272ea954-ac7c-4be1-ad60-46d33118b13b,dfef8c51-f869-4ead-874d-78d740bfa5d4,2025-06-24 00:37:43.304+00,2025-06-24 00:37:43.897+00,ended,2025-06-24 00:37:43.306095,2025-06-24 00:37:43.897,
2738bad0-d226-464e-93a2-afd05f7d12e5,dfef8c51-f869-4ead-874d-78d740bfa5d4,2025-06-24 00:37:40.977+00,2025-06-24 00:37:41.146+00,ended,2025-06-24 00:37:40.978914,2025-06-24 00:37:41.146,
27513f2c-7139-4e9e-bc16-0d85de002e4e,6b55160a-fac9-480c-b004-b976c9a2c0fb,2025-06-15 04:19:36.159+00,2025-06-15 04:20:46.074+00,ended,2025-06-15 04:19:36.162236,2025-06-15 04:20:46.074,
275a7f21-e381-4e9e-a265-e8104b456ed6,90341f70-0087-4628-a03e-c776221292af,2025-09-01 15:55:12.099+00,2025-09-01 15:55:42.592+00,ended,2025-09-01 15:55:12.10258,2025-09-01 15:55:42.592,
276b4d95-36c4-4cf9-b165-17b3ce5e5fdc,05ebc568-216a-4af1-a6b5-fec1872024c0,2025-07-23 16:05:04.986+00,2025-07-23 16:05:28.093+00,ended,2025-07-23 16:05:04.987558,2025-07-23 16:05:28.093,
27837da5-2be8-4dc7-aaf3-7a1cb8c0e5f0,dfef8c51-f869-4ead-874d-78d740bfa5d4,2025-06-24 00:26:23.666+00,2025-06-24 00:26:23.785+00,ended,2025-06-24 00:26:23.666899,2025-06-24 00:26:23.785,
2783fae6-2a72-46aa-b3a2-5487da2ad1d9,dfef8c51-f869-4ead-874d-78d740bfa5d4,2025-06-24 00:37:42.804+00,2025-06-24 00:37:43.297+00,ended,2025-06-24 00:37:42.805666,2025-06-24 00:37:43.297,
278a2d61-3017-4ce5-9e0d-b84c98ad5531,90341f70-0087-4628-a03e-c776221292af,2025-07-09 20:43:54.931+00,2025-07-09 20:44:22.626+00,ended,2025-07-09 20:43:54.935545,2025-07-09 20:44:22.626,
2791cd00-e0a3-4c0a-9c15-d015a8f7a676,90341f70-0087-4628-a03e-c776221292af,2025-08-26 07:05:46.13+00,2025-08-26 07:05:58.035+00,ended,2025-08-26 07:05:46.130563,2025-08-26 07:05:58.035,"Your posture analysis shows consistently good posture during the monitored period.  Excellent work!  It seems you're maintaining a healthy neck and head position, and your trunk alignment is also strong.  Keep up the great work!


To maintain this excellent posture, I recommend continuing your current practices.  Consider short, regular breaks to stand and stretch, even if you're not feeling any discomfort.  This helps prevent stiffness and reinforces good habits.


Since the data shows no specific areas for improvement, there's no need for targeted exercises at this time.  However, maintaining awareness of your posture throughout the day is key.  If you notice any changes in your comfort level, even subtle ones, it’s a good idea to adjust your position.


Remember, consistency is key to maintaining good posture.  Keep up the fantastic work!
"
27ba8a85-baf7-492d-ab01-c0546576b45d,b4e2f64f-e6ec-4da8-aa61-9a2e30158fed,2025-06-25 01:04:54.796+00,2025-06-25 01:05:01.704+00,ended,2025-06-25 01:04:54.799592,2025-06-25 01:05:01.704,
27f52fbb-37c4-4e0a-b75a-537492c71ae3,b4e2f64f-e6ec-4da8-aa61-9a2e30158fed,2025-06-24 00:37:15.97+00,2025-06-24 00:37:16.089+00,ended,2025-06-24 00:37:15.971978,2025-06-24 00:37:16.089,
2807a29b-a4d0-4be3-980e-c8ddea2f395a,90341f70-0087-4628-a03e-c776221292af,2025-06-25 21:06:21.706+00,2025-06-25 21:06:54.291+00,ended,2025-06-25 21:06:21.708597,2025-06-25 21:06:54.291,"1. Overall Session Score

Your posture session was acceptable. While there were some instances of less-than-ideal posture, the majority of the time was spent in postures that were good or fair.

2. Deep Dive on Problem Metrics

The metrics showing the most frequent fair posture were related to head and neck positioning.  Specifically, your head and neck were slightly tilted or turned more often than ideal.  These occurred in approximately 60% of the observation period.  There wasn't a clear temporal pattern in this short observation.

Head and neck misalignment can lead to neck pain, headaches, and upper back stiffness over time.  It also puts extra strain on your muscles and joints, leading to fatigue and discomfort.

Craniovertebral angle, which is the angle between your head and neck, showed some fair posture as well. This metric is measured by looking at the angle between the base of your skull and the top of your neck vertebrae.  It represents approximately 60% of the session.  Again, no clear temporal pattern was seen.  Maintaining a good craniovertebral angle is important for proper spinal alignment and reduces strain on your neck.


3. Structured Solution Plan

a. Immediate Cues:  Check your posture now – are your ears aligned over your shoulders, and is your chin parallel to the floor? Gently adjust your head and neck to achieve a neutral position.

b. Workstation Tweaks: Ensure your monitor is positioned directly in front of you at eye level.  This prevents you from craning your neck.  Your chair should support your lower back, and your feet should be flat on the floor.  If necessary, use a footrest.

c. Micro-Break & Exercise Routine: Every 20 minutes, take a short break to perform these exercises:
    * Neck stretches: Gently tilt your head to the side, hold for 15 seconds, and repeat on the other side.  Then, rotate your head slowly in a circle, 5 times clockwise and 5 times counterclockwise.
    * Shoulder rolls: Roll your shoulders back and down in a circular motion, 10 times forward and 10 times backward.
    * Chin tucks: Gently pull your chin back towards your neck, hold for 5 seconds, and repeat 10 times.  This helps counteract forward head posture.

4. Progress & Tracking Tips

Over the next week, try to reduce the instances of fair or poor posture by half. You can use a posture tracker app or simply set a timer to remind you to check your posture and take breaks every 20-30 minutes.

5. Motivational Close

Even small adjustments to your posture can make a big difference over time.  Keep practicing these tips, and you'll soon notice improvements in your comfort and well-being!
"
2864f22c-fc2a-42b7-a0bb-d61b58cf1393,dfef8c51-f869-4ead-874d-78d740bfa5d4,2025-06-24 00:37:40.088+00,2025-06-24 00:37:40.236+00,ended,2025-06-24 00:37:40.090329,2025-06-24 00:37:40.236,
288a429e-6112-4618-9638-01af273e8b78,dfef8c51-f869-4ead-874d-78d740bfa5d4,2025-06-24 00:26:21.5+00,2025-06-24 00:26:21.645+00,ended,2025-06-24 00:26:21.502308,2025-06-24 00:26:21.645,
2896895c-1a6e-4f63-bffa-a42f856416a9,a5794c51-2dbd-4523-829d-71e5139e7687,2025-07-11 02:18:06.783+00,2025-07-11 02:19:18.092+00,ended,2025-07-11 02:18:06.784745,2025-07-11 02:19:18.092,
28aeed48-ef4d-4eea-a9b0-2ffc62d648a1,ca605e3d-176d-4c09-a35e-1e2a7ae01031,2025-07-23 21:00:03.095+00,2025-07-23 21:01:34.694+00,ended,2025-07-23 21:00:03.098907,2025-07-23 21:01:34.694,
28e51172-92fa-4d49-8134-a0117711d734,90341f70-0087-4628-a03e-c776221292af,2025-08-26 12:36:05.3+00,2025-08-26 12:36:16.129+00,ended,2025-08-26 12:36:05.302995,2025-08-26 12:36:16.129,"Your posture analysis shows consistently good posture during the monitored session.  Both your neck and head positioning were excellent throughout the entire minute.  This is fantastic!

Maintaining this level of posture is key to long-term comfort and well-being.  To ensure you continue this positive trend, consider taking short, mindful breaks every hour to stretch your neck and shoulders gently.  Even a few simple stretches can make a big difference.


There's nothing to improve upon based on this data!  Keep up the great work.  If you notice any changes in your posture in the future, feel free to re-run the analysis.
"
28edec1d-5145-498f-b1e7-e14a6872abfb,13089f04-828f-4918-97fd-e5796ef04e77,2025-06-24 03:45:08.315+00,2025-06-24 03:45:08.627+00,ended,2025-06-24 03:45:08.365834,2025-06-24 03:45:08.627,
28f0722b-0770-4668-a428-d2576a7d7a74,05ebc568-216a-4af1-a6b5-fec1872024c0,2025-09-12 16:38:29.009+00,2025-09-12 16:41:42.354+00,ended,2025-09-12 16:38:29.009001,2025-09-12 16:41:42.354,
2924fac6-2070-4c43-94cb-65177d93634c,4bd6521f-4dc4-4a4f-bd8d-0cbb24653b76,2025-06-07 00:58:29.122+00,2025-06-07 00:58:44.849+00,ended,2025-06-07 00:58:29.169337,2025-06-07 00:58:44.849,
296056ea-9e62-4852-875a-8269dbea4c75,1ac653f4-5275-4e21-814d-56992851e16a,2025-10-06 08:19:45.155+00,2025-10-06 08:24:36.03+00,ended,2025-10-06 08:19:45.154915,2025-10-06 08:24:36.03,
2a65fb69-c580-4b91-bb42-91713221851f,ec9df34f-aa24-4a6f-8596-b11fd5b85001,2025-09-02 10:43:04.752+00,2025-09-02 10:44:21.81+00,ended,2025-09-02 10:43:04.755041,2025-09-02 10:44:21.81,
2b12d5d7-b762-4d11-b584-52153d7bc638,dfef8c51-f869-4ead-874d-78d740bfa5d4,2025-06-24 00:37:43.348+00,2025-06-24 00:37:43.878+00,ended,2025-06-24 00:37:43.349036,2025-06-24 00:37:43.878,
2b2fb15e-13f6-4f44-9810-a293ffc38df6,a5794c51-2dbd-4523-829d-71e5139e7687,2025-07-10 22:25:44.074+00,2025-07-10 22:26:08.238+00,ended,2025-07-10 22:25:44.076705,2025-07-10 22:26:08.238,
2b5b3d85-b2a8-4934-b0b7-8642a7fa0892,4bd6521f-4dc4-4a4f-bd8d-0cbb24653b76,2025-06-07 00:10:19.135+00,2025-06-07 00:10:44.553+00,ended,2025-06-07 00:10:19.140382,2025-06-07 00:10:44.553,
2b6fa209-7689-4038-bc55-b61faaa2e454,dfef8c51-f869-4ead-874d-78d740bfa5d4,2025-06-24 00:37:43.861+00,2025-06-24 00:37:44.432+00,ended,2025-06-24 00:37:43.934046,2025-06-24 00:37:44.432,
2b822657-4b66-40bf-8b42-f580e604c601,90341f70-0087-4628-a03e-c776221292af,2025-09-10 15:50:18.643+00,2025-09-10 15:50:55.134+00,ended,2025-09-10 15:50:18.670591,2025-09-10 15:50:55.134,
2b9d65c5-ba6b-44d4-81dd-0d7f242dd865,79ff3ffa-acb8-4f21-89c3-a04ccb1408a2,2025-06-17 01:39:04.158+00,2025-06-17 01:39:57.996+00,ended,2025-06-17 01:39:04.165068,2025-06-17 01:39:57.996,"1. Overall Session Score

Your posture session was excellent!  You maintained consistently good posture throughout the entire minute.

2. Deep Dive on Problem Metrics

No metrics triggered fair or poor posture classifications during this observation period.

3. Structured Solution Plan

a. Immediate Cues:  Since your posture was already excellent, these are preventative tips.  Keep your chin level, shoulders relaxed, and back straight.  Imagine a string pulling you up from the crown of your head.

b. Workstation Tweaks:  To maintain this excellent posture, ensure your chair supports your lower back, your monitor is at eye level (the top of the screen should be roughly at eye level), and your keyboard is positioned so your wrists are straight.  Your feet should comfortably rest flat on the floor or a footrest.  Good lighting prevents eye strain and hunching.

c. Micro-Break & Exercise Routine:  Given the perfect posture, a routine isn't strictly necessary for now. However, consider a quick neck stretch every 30 minutes just to maintain flexibility: Gently tilt your head to the right, hold for 15 seconds, then repeat on the left.


4. Progress & Tracking Tips

To maintain this great posture, aim to continue your excellent habits.  You can use a simple timer to remind yourself to check your posture every 30 minutes.  If you have access to a posture tracking app, use it to get objective feedback, but focus on how you *feel* – any tension or discomfort is a signal to adjust.

5. Motivational Close

Fantastic job maintaining such great posture!  Keep up the amazing work – even small, consistent improvements make a big difference in your long-term comfort and well-being.  Celebrate this success and continue to prioritize your posture.
"
2bfccbad-bd8d-4d59-ae8f-cdb73b51be67,dfef8c51-f869-4ead-874d-78d740bfa5d4,2025-06-24 00:26:22.189+00,2025-06-24 00:26:22.373+00,ended,2025-06-24 00:26:22.191521,2025-06-24 00:26:22.373,
2c88a3cc-f4d8-4b03-a254-ba874c6f42c6,6b6d496a-79f2-40f0-b1f4-11e616220efa,2025-09-20 07:30:27.502+00,2025-09-20 07:39:27.786+00,ended,2025-09-20 07:30:27.505183,2025-09-20 07:39:27.786,
2cd9fc64-9331-4d29-acfc-b018238129a6,960f83ce-2545-4062-a5b6-0bab96f7f492,2025-09-21 19:50:43.226+00,,active,2025-09-21 19:50:43.225157,2025-09-21 19:50:43.225157,
2d1daeb9-d06b-4aad-a3f7-08b2e0f5bced,6b55160a-fac9-480c-b004-b976c9a2c0fb,2025-06-15 04:26:41.22+00,2025-06-15 04:27:05.312+00,ended,2025-06-15 04:26:41.223681,2025-06-15 04:27:05.312,
2d2e67d7-ba54-487e-b41f-23d34214f159,b4e2f64f-e6ec-4da8-aa61-9a2e30158fed,2025-06-24 00:37:16.577+00,2025-06-24 00:37:16.685+00,ended,2025-06-24 00:37:16.578756,2025-06-24 00:37:16.685,
2d360572-74db-46be-8e8d-190d338f5752,b47ebe5a-5d46-427d-a738-ed0c1c5585ba,2025-06-26 18:24:45.584+00,2025-06-26 18:24:46.088+00,ended,2025-06-26 18:24:45.587492,2025-06-26 18:24:46.088,
2d596818-b2ee-478a-baa8-5e6bf82ac53b,dfef8c51-f869-4ead-874d-78d740bfa5d4,2025-06-24 00:37:45.026+00,2025-06-24 00:37:45.538+00,ended,2025-06-24 00:37:45.03625,2025-06-24 00:37:45.538,
2d694a96-ab99-4dc4-899f-94e14edebfa8,90341f70-0087-4628-a03e-c776221292af,2025-09-15 08:25:04.162+00,2025-09-15 08:25:22.828+00,ended,2025-09-15 08:25:04.163049,2025-09-15 08:25:22.828,
2de5bcbf-e208-4b4c-bc1b-7812e243e503,b4e2f64f-e6ec-4da8-aa61-9a2e30158fed,2025-06-24 00:37:16.24+00,2025-06-24 00:37:16.319+00,ended,2025-06-24 00:37:16.242837,2025-06-24 00:37:16.319,
2e282c09-c96a-4d06-824b-2aa6578a9ad0,79ff3ffa-acb8-4f21-89c3-a04ccb1408a2,2025-06-16 19:35:12.337+00,2025-06-16 19:35:44.756+00,ended,2025-06-16 19:35:12.435053,2025-06-16 19:35:44.756,
2e339483-084d-45c9-ad66-af82f2c6633d,dfef8c51-f869-4ead-874d-78d740bfa5d4,2025-06-24 00:26:21.648+00,2025-06-24 00:26:21.781+00,ended,2025-06-24 00:26:21.650064,2025-06-24 00:26:21.781,
2e5cb1fc-5ff3-4e56-8098-b9740b4f6773,dfef8c51-f869-4ead-874d-78d740bfa5d4,2025-06-24 00:37:40.241+00,2025-06-24 00:37:40.971+00,ended,2025-06-24 00:37:40.242326,2025-06-24 00:37:40.971,
2e7e0fd1-8f13-494b-8827-656620248cdf,b06753b2-7692-449d-9c55-4f0e17d177fb,2025-07-26 17:16:27.178+00,2025-07-26 17:16:31.449+00,ended,2025-07-26 17:16:27.178265,2025-07-26 17:16:31.449,
2e814441-fb92-4777-89a5-476cbad57754,4bd6521f-4dc4-4a4f-bd8d-0cbb24653b76,2025-06-07 00:33:01.87+00,2025-06-07 00:33:12.771+00,ended,2025-06-07 00:33:01.873762,2025-06-07 00:33:12.771,
2eb113e4-e3e5-4652-8eb6-3aac5ef3fd45,dfef8c51-f869-4ead-874d-78d740bfa5d4,2025-06-24 00:26:22.146+00,2025-06-24 00:26:22.296+00,ended,2025-06-24 00:26:22.148626,2025-06-24 00:26:22.296,
2eed8711-73d0-4a85-9d89-5f388b9dbf4c,ca605e3d-176d-4c09-a35e-1e2a7ae01031,2025-07-23 20:54:27.821+00,2025-07-23 20:57:02.235+00,ended,2025-07-23 20:54:27.826053,2025-07-23 20:57:02.235,
2efe5b7b-01dd-4033-825d-8ed55f33766c,c946261b-7a4b-47f7-a8fd-cc6b4d3bbf1a,2025-08-23 20:50:22.505+00,2025-08-23 20:52:30.941+00,ended,2025-08-23 20:50:22.505001,2025-08-23 20:52:30.941,"Your posture analysis shows consistently good posture throughout the monitored session.  This is excellent!  It indicates you're maintaining a healthy neck, trunk, and head position.  Keep up the great work!

There were no recurring issues or patterns of postural degradation identified.  This suggests you are already practicing good posture habits.

To maintain this excellent posture, consider incorporating short, regular movement breaks into your routine.  Even a few minutes every hour to stretch your neck and back can help prevent stiffness and fatigue.  Remember to maintain awareness of your posture throughout the day.

Congratulations on your excellent posture!  Continue with your current practices to maintain this healthy habit.
"
2f32e429-48cc-4f66-8845-fa352142a548,fe3b6d6c-3507-4094-8dd7-e2ef6b15d86d,2025-09-24 14:26:44.79+00,2025-09-24 14:27:34.425+00,ended,2025-09-24 14:26:44.788639,2025-09-24 14:27:34.425,"Okay, I've analyzed your posture data. It looks like you generally maintain good posture, but there were a few instances where you exhibited a forward head position. This occurred early in the session.

To help avoid this in the future, try consciously pulling your head back and aligning your ears over your shoulders. Imagine a string gently pulling you up from the crown of your head. Also, consider setting a timer to remind yourself to take short breaks every 20-30 minutes to stand up, move around, and do some simple neck stretches. Gentle neck rolls and shoulder blade squeezes can be particularly helpful for counteracting a forward head position.
"
2f6b19e0-e813-4c39-8105-bfe5f8e7050f,13089f04-828f-4918-97fd-e5796ef04e77,2025-06-24 03:34:30.097+00,2025-06-24 03:34:30.439+00,ended,2025-06-24 03:34:30.09837,2025-06-24 03:34:30.439,
2f80cee8-c0ab-436a-9e0d-4bc7db77efda,b06753b2-7692-449d-9c55-4f0e17d177fb,2025-07-11 19:40:43.361+00,2025-07-11 19:41:48.906+00,ended,2025-07-11 19:40:43.364477,2025-07-11 19:41:48.906,
2f8f3c45-9d90-40e0-82c6-66fcfdca71c9,05ebc568-216a-4af1-a6b5-fec1872024c0,2025-07-19 23:37:16.06+00,2025-07-19 23:45:40.337+00,ended,2025-07-19 23:37:16.064604,2025-07-19 23:45:40.337,"Your posture analysis shows a recurring tendency towards a forward head position, particularly noticeable in the first part of the session.  While there were periods of good posture interspersed, the forward head posture was the most frequent issue identified.  Interestingly, we also observed a slight improvement towards the end of the session, suggesting that you may be able to maintain better posture with focused effort.

The most significant area for improvement appears to be your neck and head alignment.  To combat the forward head posture, try focusing on keeping your ears aligned with your shoulders.  Regularly check your posture throughout the day, and take short breaks to consciously correct your head position.  Simple stretches that target the neck and upper back muscles can also be beneficial.

Consider setting reminders to check your posture every 30 minutes.  A simple visual cue, like a sticky note on your monitor, might help you remember.  You could also experiment with using a more ergonomic chair or adjusting your workstation setup to ensure proper screen height and distance.

Remember, consistency is key! Even small adjustments to your posture habits can make a big difference over time.  The improvement seen at the end of the session shows you have the ability to maintain good posture; let's work on making that your default setting.
"
2f903443-6f78-4a31-b798-694fa37ba451,dfef8c51-f869-4ead-874d-78d740bfa5d4,2025-06-24 00:37:44.441+00,2025-06-24 00:37:45.028+00,ended,2025-06-24 00:37:44.443021,2025-06-24 00:37:45.028,
2fa5016a-af2a-4b0e-b8c0-f94e17ba3c1d,dfef8c51-f869-4ead-874d-78d740bfa5d4,2025-06-24 00:37:42.82+00,2025-06-24 00:37:43.352+00,ended,2025-06-24 00:37:42.822807,2025-06-24 00:37:43.352,
2fa6dab6-16b3-4801-a306-974060f0fafe,b06753b2-7692-449d-9c55-4f0e17d177fb,2025-07-11 20:28:24.343+00,2025-07-11 20:36:03.444+00,ended,2025-07-11 20:28:24.347411,2025-07-11 20:36:03.444,
2fd72e74-1ccc-4e34-a650-0af570913a6f,6b55160a-fac9-480c-b004-b976c9a2c0fb,2025-06-15 01:11:38.902+00,2025-06-15 01:12:21.766+00,ended,2025-06-15 01:11:38.906789,2025-06-15 01:12:21.766,
30450f45-3ac8-4b1a-83ba-f87d2a25b7e3,90341f70-0087-4628-a03e-c776221292af,2025-09-04 14:52:18.658+00,2025-09-04 14:52:32.568+00,ended,2025-09-04 14:52:19.833702,2025-09-04 14:52:32.568,
30a6ccfb-d41a-4696-9f3e-1e2ef8d5528b,fe3b6d6c-3507-4094-8dd7-e2ef6b15d86d,2025-09-16 15:45:39.279+00,2025-09-16 15:46:03.456+00,ended,2025-09-16 15:45:39.417677,2025-09-16 15:46:03.456,
31035a03-8255-4571-9720-3ab4c6fb3366,b4e2f64f-e6ec-4da8-aa61-9a2e30158fed,2025-06-24 00:37:16.02+00,2025-06-24 00:37:16.116+00,ended,2025-06-24 00:37:16.023382,2025-06-24 00:37:16.116,
310b938d-d016-4d52-b0a9-51b2afb30e90,62ab043d-9a88-4fd9-9e93-339d23bc47f3,2025-06-28 16:05:00.475+00,2025-06-28 16:05:52.019+00,ended,2025-06-28 16:05:00.482509,2025-06-28 16:05:52.019,
310bc762-f5e8-4ab9-a20c-b14655d098aa,d868e225-574d-4d14-910b-08b326bb5726,2025-06-30 02:41:29.694+00,2025-06-30 02:49:36.747+00,ended,2025-06-30 02:41:29.706533,2025-06-30 02:49:36.747,
312d388a-ca4d-4ead-9c7e-1b7cb2eceaf4,13089f04-828f-4918-97fd-e5796ef04e77,2025-06-24 03:10:05.881+00,2025-06-24 03:10:06.095+00,ended,2025-06-24 03:10:05.88465,2025-06-24 03:10:06.095,
3166d411-372a-4259-8907-3bc7ad74573b,90341f70-0087-4628-a03e-c776221292af,2025-08-26 07:58:44.445+00,2025-08-26 07:58:53.416+00,ended,2025-08-26 07:58:44.449078,2025-08-26 07:58:53.416,
31a33e27-e9c2-42d7-aef0-85902ad69661,00648bca-4a1f-4b08-a6ae-c6e7e8fa2c4c,2025-08-28 16:29:55.305+00,2025-08-28 16:35:08.135+00,ended,2025-08-28 16:29:55.307479,2025-08-28 16:35:08.135,
31b1f77c-bfae-481b-8858-44365bf87816,1ac653f4-5275-4e21-814d-56992851e16a,2025-10-03 08:14:37.129+00,2025-10-03 09:38:40.448+00,ended,2025-10-03 08:14:37.131525,2025-10-03 09:38:40.448,
3224e1ff-cbaa-4086-ae6e-f767751872a1,90341f70-0087-4628-a03e-c776221292af,2025-07-30 20:49:18.838+00,2025-07-30 20:49:34.269+00,ended,2025-07-30 20:49:18.843265,2025-07-30 20:49:34.269,
32371a7e-1c39-441d-979d-6e35c2f1d406,cf36e5d2-1ef0-494e-8818-6681cc989d53,2025-09-08 09:41:17.895+00,2025-09-08 09:43:18.097+00,ended,2025-09-08 09:41:17.901852,2025-09-08 09:43:18.097,
32749dc1-63ee-4c62-b607-5b776eee335e,dfef8c51-f869-4ead-874d-78d740bfa5d4,2025-06-24 00:37:45.019+00,2025-06-24 00:37:45.533+00,ended,2025-06-24 00:37:45.027915,2025-06-24 00:37:45.533,
32ac23d2-db52-4cbf-8d2f-cabc069c164f,dfef8c51-f869-4ead-874d-78d740bfa5d4,2025-06-24 00:37:45.053+00,2025-06-24 00:37:45.535+00,ended,2025-06-24 00:37:45.055995,2025-06-24 00:37:45.535,
32c36e4a-35cc-4c60-848f-84e1e9316215,dfef8c51-f869-4ead-874d-78d740bfa5d4,2025-06-24 00:37:40.012+00,2025-06-24 00:37:40.142+00,ended,2025-06-24 00:37:40.014687,2025-06-24 00:37:40.142,
330b158b-01b6-4e8f-8381-5cd3dd60cf87,dfef8c51-f869-4ead-874d-78d740bfa5d4,2025-06-24 00:37:44.041+00,2025-06-24 00:37:44.583+00,ended,2025-06-24 00:37:44.087414,2025-06-24 00:37:44.583,
331541f4-105f-46b1-bb71-53fe7f15034f,dfef8c51-f869-4ead-874d-78d740bfa5d4,2025-06-24 00:37:42.203+00,2025-06-24 00:37:42.846+00,ended,2025-06-24 00:37:42.204969,2025-06-24 00:37:42.846,
33362156-1f96-4c6e-8363-04470e46f6c1,dfef8c51-f869-4ead-874d-78d740bfa5d4,2025-06-24 00:37:44.993+00,2025-06-24 00:37:45.51+00,ended,2025-06-24 00:37:44.996182,2025-06-24 00:37:45.51,
336c1a91-74ea-40bc-82f0-9c37b962f097,a5794c51-2dbd-4523-829d-71e5139e7687,2025-07-10 20:18:37.193+00,2025-07-10 20:20:22.146+00,ended,2025-07-10 20:18:37.195674,2025-07-10 20:20:22.146,
336c58c6-c7a1-4ec6-919b-b2b1ddc1b83f,cf36e5d2-1ef0-494e-8818-6681cc989d53,2025-09-08 11:22:50.865+00,2025-09-08 11:22:52.181+00,ended,2025-09-08 11:22:50.86377,2025-09-08 11:22:52.181,
33f31a85-8041-45a2-af58-fb1b10c9124d,dfef8c51-f869-4ead-874d-78d740bfa5d4,2025-06-24 00:26:22.12+00,2025-06-24 00:26:22.26+00,ended,2025-06-24 00:26:22.12207,2025-06-24 00:26:22.26,
341b47b8-0db4-4290-af3d-662b4537b7ef,90341f70-0087-4628-a03e-c776221292af,2025-09-04 13:14:43.367+00,2025-09-04 13:15:28.636+00,ended,2025-09-04 13:14:43.381065,2025-09-04 13:15:28.636,
3444a115-dd82-4da6-922d-07dc3871a67d,dfef8c51-f869-4ead-874d-78d740bfa5d4,2025-06-24 00:37:41.64+00,2025-06-24 00:37:42.178+00,ended,2025-06-24 00:37:41.641802,2025-06-24 00:37:42.178,
34d81899-b253-461d-9959-6c9e723c392c,6b6d496a-79f2-40f0-b1f4-11e616220efa,2025-09-19 10:56:03.302+00,2025-09-19 11:19:04.376+00,ended,2025-09-19 10:56:03.304709,2025-09-19 11:19:04.376,
35484fcf-b9de-44ba-892d-611bd18a5d0a,90341f70-0087-4628-a03e-c776221292af,2025-07-06 21:53:45.92+00,2025-07-06 21:57:22.516+00,ended,2025-07-06 21:53:45.922891,2025-07-06 21:57:22.516,
354e8cba-e942-4dd7-953b-5013d36e5bdb,dfef8c51-f869-4ead-874d-78d740bfa5d4,2025-06-24 00:37:42.245+00,2025-06-24 00:37:42.803+00,ended,2025-06-24 00:37:42.246854,2025-06-24 00:37:42.803,
3551b270-5a72-44bc-aba0-3dc825dac77f,dfef8c51-f869-4ead-874d-78d740bfa5d4,2025-06-24 00:37:42.346+00,2025-06-24 00:37:42.748+00,ended,2025-06-24 00:37:42.398291,2025-06-24 00:37:42.748,
356ecaee-cb3b-40c9-aa54-cf1305b32d58,90341f70-0087-4628-a03e-c776221292af,2025-07-22 20:56:25.613+00,2025-07-22 20:57:07.313+00,ended,2025-07-22 20:56:25.615773,2025-07-22 20:57:07.313,
358650eb-98c6-4d03-80bc-8aba668082d6,a5794c51-2dbd-4523-829d-71e5139e7687,2025-07-10 22:04:14.791+00,2025-07-10 22:04:37.142+00,ended,2025-07-10 22:04:14.793553,2025-07-10 22:04:37.142,
358f2319-1efe-4ff4-a56e-c008b96379cb,b4e2f64f-e6ec-4da8-aa61-9a2e30158fed,2025-06-24 00:37:16.373+00,2025-06-24 00:37:16.485+00,ended,2025-06-24 00:37:16.375293,2025-06-24 00:37:16.485,
35b5a919-69d7-48a9-99b8-2e68e0622401,b4e2f64f-e6ec-4da8-aa61-9a2e30158fed,2025-06-24 00:37:16.465+00,2025-06-24 00:37:16.565+00,ended,2025-06-24 00:37:16.467468,2025-06-24 00:37:16.565,
35cabe3e-062e-46bf-a9b5-efd5b7b5cf87,dfef8c51-f869-4ead-874d-78d740bfa5d4,2025-06-24 00:37:44.434+00,2025-06-24 00:37:45.026+00,ended,2025-06-24 00:37:44.43595,2025-06-24 00:37:45.026,
35d395b0-9839-4982-88be-da063d173e63,6b55160a-fac9-480c-b004-b976c9a2c0fb,2025-06-12 20:37:01.804+00,2025-06-12 20:37:46.606+00,ended,2025-06-12 20:37:01.807898,2025-06-12 20:37:46.606,
35f8f191-7a63-41c7-9474-210a3553277c,05ebc568-216a-4af1-a6b5-fec1872024c0,2025-09-12 16:48:56.772+00,2025-09-12 17:48:53.146+00,ended,2025-09-12 16:48:56.877669,2025-09-12 17:48:53.146,
3633d601-434e-46ad-b990-65f45c27566d,6b55160a-fac9-480c-b004-b976c9a2c0fb,2025-06-13 20:35:23.992+00,2025-06-13 20:36:29.852+00,ended,2025-06-13 20:35:23.996454,2025-06-13 20:36:29.852,"1. Overall Session Score

Your posture session was acceptable. While there were some periods of excellent posture, the presence of several instances of fair posture means consistent improvement is needed.

2. Deep Dive on Problem Metrics

Two metrics require attention:

* Craniovertebral Angle (CVA): This measures the angle between your head and neck.  A poor CVA indicates your head is positioned too far forward, putting strain on your neck and upper back. This occurred in approximately 30% of the session.  The poor posture seemed to appear in clusters.  A consistently poor CVA can lead to neck pain, headaches, and even long-term spinal problems.

* Neck Angle: This metric assesses the angle of your neck relative to your torso.  A poor neck angle suggests your neck is excessively bent, straining neck muscles and potentially leading to stiffness and pain.  This also occurred in approximately 30% of the session, appearing in clusters.  Long-term, this can contribute to chronic neck pain and headaches.


3. Structured Solution Plan

a. Immediate Cues:  Check your posture right now!  Imagine a string gently pulling you up from the crown of your head, lengthening your spine.  Relax your shoulders and keep your chin parallel to the floor.

b. Workstation Tweaks: Ensure your monitor is at eye level (top of the screen at or slightly below eye level).  Your chair should support your lower back, and your feet should be flat on the floor.  Consider a footrest if needed. Adjust your keyboard to minimize hunching.

c. Micro-Break & Exercise Routine: Every 20 minutes, do a quick 2-minute stretch routine. Include neck rolls (5 in each direction), shoulder shrugs (10 repetitions), and chin tucks (10 repetitions) to counter the identified issues.

4. Progress & Tracking Tips

Over the next week, aim to reduce the instances of fair posture.  Use a posture tracking app or set reminders on your phone to check your posture every 30 minutes.  Celebrate small wins—each day you improve is a step forward!

5. Motivational Close

You've taken the first step towards better posture!  With consistent effort and attention to these simple adjustments, you'll feel better and healthier in no time.  Keep up the great work!
"
36376f3b-dca4-4932-89c3-4af06f84a27f,960f83ce-2545-4062-a5b6-0bab96f7f492,2025-09-21 19:51:46.108+00,2025-09-21 19:51:54.955+00,ended,2025-09-21 19:51:46.108097,2025-09-21 19:51:54.955,
36407691-7aa1-45df-b606-5c47992fa509,dfef8c51-f869-4ead-874d-78d740bfa5d4,2025-06-24 00:37:39.917+00,2025-06-24 00:37:40.077+00,ended,2025-06-24 00:37:39.930016,2025-06-24 00:37:40.077,
365435c8-ff19-4a70-9ec3-0124185655a0,6b6d496a-79f2-40f0-b1f4-11e616220efa,2025-09-20 07:22:02.253+00,2025-09-20 07:25:22.645+00,ended,2025-09-20 07:22:02.285903,2025-09-20 07:25:22.645,
36d08322-c1e8-4b00-8ba2-4ed9c027b4af,6b55160a-fac9-480c-b004-b976c9a2c0fb,2025-06-12 03:43:23.34+00,2025-06-12 03:43:29.428+00,ended,2025-06-12 03:43:23.342078,2025-06-12 03:43:29.428,
36d95907-11da-4b52-b9ee-de7cf7516ac3,dfef8c51-f869-4ead-874d-78d740bfa5d4,2025-06-24 00:26:21.981+00,2025-06-24 00:26:22.121+00,ended,2025-06-24 00:26:21.983527,2025-06-24 00:26:22.121,
36e24b47-0fb4-422d-b831-c1de08fa2a97,b4e2f64f-e6ec-4da8-aa61-9a2e30158fed,2025-06-24 00:37:16.544+00,2025-06-24 00:37:16.645+00,ended,2025-06-24 00:37:16.547001,2025-06-24 00:37:16.645,
36f8139a-c7e6-4286-bb15-1c6b10bb8f2b,90341f70-0087-4628-a03e-c776221292af,2025-09-15 08:25:42.576+00,2025-09-15 08:26:21.823+00,ended,2025-09-15 08:25:42.577834,2025-09-15 08:26:21.823,
37197aed-3f6b-4fff-b60e-3a46eaa5c4fb,13089f04-828f-4918-97fd-e5796ef04e77,2025-06-24 04:04:07.722+00,2025-06-24 04:04:07.926+00,ended,2025-06-24 04:04:07.725077,2025-06-24 04:04:07.926,
37649139-6f01-4299-b32b-2f884dd12a84,90341f70-0087-4628-a03e-c776221292af,2025-07-08 16:06:53.931+00,2025-07-08 16:07:30.996+00,ended,2025-07-08 16:06:53.947399,2025-07-08 16:07:30.996,
379d23ff-9408-4336-b37c-766b97da2af8,dfef8c51-f869-4ead-874d-78d740bfa5d4,2025-06-24 00:37:45.018+00,2025-06-24 00:37:45.513+00,ended,2025-06-24 00:37:45.036053,2025-06-24 00:37:45.513,
37d3200d-b98e-46c3-9e59-defd606e13eb,b4e2f64f-e6ec-4da8-aa61-9a2e30158fed,2025-06-24 00:38:31.023+00,2025-06-24 00:38:31.218+00,ended,2025-06-24 00:38:31.025652,2025-06-24 00:38:31.218,
37e6b441-30e4-452f-a097-051790af482d,dfef8c51-f869-4ead-874d-78d740bfa5d4,2025-06-24 00:37:42.263+00,2025-06-24 00:37:42.732+00,ended,2025-06-24 00:37:42.265772,2025-06-24 00:37:42.732,
383ed7b7-cd1d-4902-8f64-f1c403d2dee1,dfef8c51-f869-4ead-874d-78d740bfa5d4,2025-06-24 00:37:42.231+00,2025-06-24 00:37:42.703+00,ended,2025-06-24 00:37:42.23278,2025-06-24 00:37:42.703,
385d94aa-5a05-4061-a309-053932edd726,13089f04-828f-4918-97fd-e5796ef04e77,2025-06-24 04:04:08.202+00,2025-06-24 04:04:08.481+00,ended,2025-06-24 04:04:08.204078,2025-06-24 04:04:08.481,
38fe77d2-da38-4120-b373-051f2376222f,dde595c5-b5db-4b29-8063-8fcc3e565c2e,2025-08-27 14:55:21.218+00,2025-08-27 14:55:37.453+00,ended,2025-08-27 14:55:21.222933,2025-08-27 14:55:37.453,"Your posture analysis shows consistently good posture during the observed minute.  This is excellent!  It suggests you're already maintaining good habits in terms of neck, head, and trunk alignment. Keep up the great work!

There were no recurring postural problems identified in this short session.  This is a strong starting point, and maintaining this level of awareness will help you prevent future postural issues.

To further optimize your posture, consider incorporating short, regular movement breaks throughout your day.  Even a few minutes of stretching or walking can help maintain proper alignment and prevent stiffness.

Continue to be mindful of your posture, and if you notice any changes or discomfort, don't hesitate to adjust your position.  Regular self-assessment is key to long-term postural health.
"
3931ddff-b130-45a8-b0ad-dc4bde99ccef,b4e2f64f-e6ec-4da8-aa61-9a2e30158fed,2025-06-24 00:37:15.897+00,2025-06-24 00:37:15.987+00,ended,2025-06-24 00:37:15.899721,2025-06-24 00:37:15.987,
398d853c-81c7-4204-9253-e34f2e49f16a,6b6d496a-79f2-40f0-b1f4-11e616220efa,2025-09-20 08:20:26.209+00,2025-09-20 08:23:37.25+00,ended,2025-09-20 08:20:26.211274,2025-09-20 08:23:37.25,
3a1e47c8-fc58-4c1e-b4ef-39ace5f1257a,b4e2f64f-e6ec-4da8-aa61-9a2e30158fed,2025-06-24 00:37:15.886+00,2025-06-24 00:37:16.022+00,ended,2025-06-24 00:37:15.924545,2025-06-24 00:37:16.022,
3a36d6a2-9271-4647-a72e-81df72abda88,dfef8c51-f869-4ead-874d-78d740bfa5d4,2025-06-24 00:37:42.635+00,2025-06-24 00:37:42.826+00,ended,2025-06-24 00:37:42.637045,2025-06-24 00:37:42.826,
3a47c877-e810-4dd2-a433-6b17a4034eec,90341f70-0087-4628-a03e-c776221292af,2025-09-04 14:47:06.827+00,2025-09-04 14:47:50.798+00,ended,2025-09-04 14:47:06.83695,2025-09-04 14:47:50.798,
3aeef844-3d68-40d5-98fe-a133685524fc,dfef8c51-f869-4ead-874d-78d740bfa5d4,2025-06-24 00:26:23.231+00,2025-06-24 00:26:23.966+00,ended,2025-06-24 00:26:23.260557,2025-06-24 00:26:23.966,
3af534c4-f8a1-475c-b7db-aaa3609c597f,90341f70-0087-4628-a03e-c776221292af,2025-08-25 19:09:33.664+00,2025-08-25 19:09:50.263+00,ended,2025-08-25 19:09:33.666557,2025-08-25 19:09:50.263,"Your posture analysis shows consistently good posture during the monitored period.  Excellent work!  It seems you're maintaining a healthy neck, head, and trunk alignment.  This is a great foundation for long-term postural health.

To maintain this excellent posture, I recommend continuing your current practices.  Perhaps consider incorporating short, regular movement breaks into your routine – even a quick stretch every 20-30 minutes can help prevent stiffness and maintain good alignment.

Because your posture was consistently good, there are no specific problem areas to address.  Keep up the great work!  Remember, maintaining good posture is a journey, not a destination, and consistent effort is key.
"
3b7b8338-6a07-4018-a395-5a7d380b3441,4bd6521f-4dc4-4a4f-bd8d-0cbb24653b76,2025-06-09 11:13:57.648+00,2025-06-09 11:14:27.406+00,ended,2025-06-09 11:13:57.699413,2025-06-09 11:14:27.406,
3ba03558-cf0d-42cc-bca3-7fcc452156da,79ff3ffa-acb8-4f21-89c3-a04ccb1408a2,2025-06-16 20:28:26.274+00,2025-06-16 20:29:06.349+00,ended,2025-06-16 20:28:26.312311,2025-06-16 20:29:06.349,
3be12fb9-7b0a-43d5-8e5a-e0f0e41a0b0e,b4e2f64f-e6ec-4da8-aa61-9a2e30158fed,2025-06-24 00:38:31.225+00,2025-06-24 00:38:37.662+00,ended,2025-06-24 00:38:31.227127,2025-06-24 00:38:37.662,
3c0bbf47-a2e7-4646-bd2a-6ca3a4c55946,b4e2f64f-e6ec-4da8-aa61-9a2e30158fed,2025-06-24 00:37:17.172+00,2025-06-24 00:37:17.344+00,ended,2025-06-24 00:37:17.22723,2025-06-24 00:37:17.344,
3c2e4aa3-c90b-4c3b-a4df-0dccf5e03efa,a5794c51-2dbd-4523-829d-71e5139e7687,2025-07-10 20:11:18.486+00,2025-07-10 20:11:45.016+00,ended,2025-07-10 20:11:18.491968,2025-07-10 20:11:45.016,
3c41681a-fcba-4d41-b1cd-f5712e0e7046,90341f70-0087-4628-a03e-c776221292af,2025-07-23 21:51:06.607+00,2025-07-23 21:52:41.362+00,ended,2025-07-23 21:51:06.618695,2025-07-23 21:52:41.362,"Your posture analysis shows consistently good posture throughout the monitored session.  This is excellent!  It indicates you're maintaining a healthy neck, trunk, and head position.  Keep up the great work!

There were no recurring postural problems identified during this period.  This suggests you are already practicing good posture habits.

To maintain this excellent posture, try to be mindful of your position throughout your day, even when not actively thinking about it.  Short, regular breaks to stretch your neck and back can help prevent stiffness and maintain good posture over longer periods.

Congratulations on your excellent posture!  Continue to be mindful of your body positioning, and you'll likely continue to see positive results.
"
3d06ab18-724a-4508-b3d7-72951965bd13,90341f70-0087-4628-a03e-c776221292af,2025-09-09 11:45:24.181+00,2025-09-09 11:46:23.857+00,ended,2025-09-09 11:45:24.181146,2025-09-09 11:46:23.857,
3d0cca72-4ee9-4dc0-9106-c2f941fa4799,90341f70-0087-4628-a03e-c776221292af,2025-09-09 11:21:19.391+00,2025-09-09 11:22:08.247+00,ended,2025-09-09 11:21:19.390242,2025-09-09 11:22:08.247,
3d0ebd3b-6d81-4dfb-aa53-83cf9af4edc3,34e20694-be84-47f8-ac6d-826d9a7846c6,2025-07-16 21:51:26.599+00,2025-07-16 21:52:54.281+00,ended,2025-07-16 21:51:26.603273,2025-07-16 21:52:54.281,
3d3ef573-e2d5-4a9e-baa5-039aeadba7fb,3b9a2bfe-7247-4763-97c3-6f714b47a47f,2025-09-12 16:24:08.536+00,2025-09-12 16:24:53.208+00,ended,2025-09-12 16:24:08.532614,2025-09-12 16:24:53.208,
3d68e343-3048-4be3-9fce-0990c4434f7f,dfef8c51-f869-4ead-874d-78d740bfa5d4,2025-06-24 00:37:40.166+00,2025-06-24 00:37:40.43+00,ended,2025-06-24 00:37:40.185319,2025-06-24 00:37:40.43,
3d94e12f-fc8f-41cc-8176-39e2b628078b,a5794c51-2dbd-4523-829d-71e5139e7687,2025-07-10 20:57:08.933+00,2025-07-10 20:57:59.403+00,ended,2025-07-10 20:57:08.939243,2025-07-10 20:57:59.403,
3e42a808-9af7-47e0-8c09-ed185358069b,3b9a2bfe-7247-4763-97c3-6f714b47a47f,2025-09-12 16:11:12.888+00,2025-09-12 16:11:20.922+00,ended,2025-09-12 16:11:12.886355,2025-09-12 16:11:20.922,
3e8a7839-59c5-41d8-a4ff-b7105dc0ba61,90341f70-0087-4628-a03e-c776221292af,2025-07-12 09:24:25.521+00,2025-07-12 09:25:02.384+00,ended,2025-07-12 09:24:25.521422,2025-07-12 09:25:02.384,
3eb4e464-e45f-4c88-b85e-aa056c657b8b,90341f70-0087-4628-a03e-c776221292af,2025-07-22 21:03:26.867+00,2025-07-22 21:03:43.691+00,ended,2025-07-22 21:03:26.87493,2025-07-22 21:03:43.691,
3f03d093-9128-474e-82c0-7d83191683f5,13089f04-828f-4918-97fd-e5796ef04e77,2025-06-24 03:10:04.479+00,2025-06-24 03:10:04.679+00,ended,2025-06-24 03:10:04.511347,2025-06-24 03:10:04.679,
3fd1dea2-b8bc-43e3-92c3-189b6f26a7cb,a5794c51-2dbd-4523-829d-71e5139e7687,2025-07-11 03:07:54.587+00,2025-07-11 03:09:37.203+00,ended,2025-07-11 03:07:54.619582,2025-07-11 03:09:37.203,
3fef9fe9-3ad8-4684-8dd3-5e2b609548d8,13089f04-828f-4918-97fd-e5796ef04e77,2025-06-24 04:04:08.054+00,2025-06-24 04:04:08.202+00,ended,2025-06-24 04:04:08.075703,2025-06-24 04:04:08.202,
401725c9-dd69-408d-8d82-15b71718d857,6b55160a-fac9-480c-b004-b976c9a2c0fb,2025-06-14 19:50:19.084+00,2025-06-14 19:50:50.448+00,ended,2025-06-14 19:50:19.139867,2025-06-14 19:50:50.448,
402761bd-e3a5-444c-b37c-233ddcea4d90,17b0dea3-db3c-4e86-9bdb-6a8d3c58d1b2,2025-07-21 10:24:36.41+00,2025-07-21 11:16:13.673+00,ended,2025-07-21 10:24:36.413359,2025-07-21 11:16:13.673,"Your posture analysis shows consistently good posture throughout the observed two-minute period.  This is excellent!  It indicates you're maintaining a healthy alignment of your neck, head, shoulders, and trunk.  Keep up the great work!

To maintain this positive trend, consider incorporating short, regular posture checks into your routine.  Even a quick self-assessment every 30 minutes can help you stay aware of your body's position and make subtle adjustments as needed.

Since no specific areas of concern were identified,  focus on maintaining your current good habits.  This might include ensuring your workspace is ergonomically sound, with proper chair height and monitor placement.

Remember, maintaining good posture is a journey, not a destination.  Consistency is key!  If you ever experience any changes in your posture or develop any discomfort, please consult a healthcare professional.
"
404b9be7-a161-4911-b363-2a003347e1aa,dfef8c51-f869-4ead-874d-78d740bfa5d4,2025-06-24 00:37:41.609+00,2025-06-24 00:37:42.193+00,ended,2025-06-24 00:37:41.612717,2025-06-24 00:37:42.193,
404e8c17-c654-4098-b1f1-2d3faf6445b8,dfef8c51-f869-4ead-874d-78d740bfa5d4,2025-06-24 00:37:40.322+00,2025-06-24 00:37:41.03+00,ended,2025-06-24 00:37:40.324182,2025-06-24 00:37:41.03,
40881868-4f84-47d9-85a5-7575712bad1f,8a9bfed6-3c84-4296-9b36-1b1bdb9b9f2e,2025-08-13 08:00:07.289+00,2025-08-13 08:01:36.95+00,ended,2025-08-13 08:00:07.29607,2025-08-13 08:01:36.95,
40996b7b-c5f3-443c-996a-20836e42172d,4a1f9676-5ac9-44df-a201-e3322b0d55e8,2025-09-08 21:18:12.755+00,2025-09-08 21:19:54.304+00,ended,2025-09-08 21:18:12.757775,2025-09-08 21:19:54.304,
40b225c5-66fc-44c8-a070-a8477369ce91,b4e2f64f-e6ec-4da8-aa61-9a2e30158fed,2025-06-24 00:37:16.663+00,2025-06-24 00:37:17.242+00,ended,2025-06-24 00:37:16.664633,2025-06-24 00:37:17.242,
40cd8ca5-a96c-46b7-af9b-d261666932c8,b4e2f64f-e6ec-4da8-aa61-9a2e30158fed,2025-06-24 00:38:16.094+00,2025-06-24 00:38:16.333+00,ended,2025-06-24 00:38:16.097268,2025-06-24 00:38:16.333,
410edc07-6fed-4a44-8216-97d90eaf7171,dfef8c51-f869-4ead-874d-78d740bfa5d4,2025-06-24 00:37:43.365+00,2025-06-24 00:37:43.879+00,ended,2025-06-24 00:37:43.367172,2025-06-24 00:37:43.879,
410ee58d-3be8-4e6c-9417-15ed9dd7fdfe,13089f04-828f-4918-97fd-e5796ef04e77,2025-06-24 03:45:08.446+00,2025-06-24 03:45:08.659+00,ended,2025-06-24 03:45:08.448598,2025-06-24 03:45:08.659,
412d0d58-a600-4606-bac6-eaec82848183,b4e2f64f-e6ec-4da8-aa61-9a2e30158fed,2025-06-24 00:37:16.327+00,2025-06-24 00:37:16.417+00,ended,2025-06-24 00:37:16.328696,2025-06-24 00:37:16.417,
4164a174-9846-44c1-80b6-afaf26a42c52,dfef8c51-f869-4ead-874d-78d740bfa5d4,2025-06-24 00:37:42.718+00,2025-06-24 00:37:43.257+00,ended,2025-06-24 00:37:42.719796,2025-06-24 00:37:43.257,
417f23ea-bf25-493e-a33d-6bdf82e1c167,90341f70-0087-4628-a03e-c776221292af,2025-07-01 21:14:30.307+00,2025-07-01 21:14:46.5+00,ended,2025-07-01 21:14:30.344859,2025-07-01 21:14:46.5,
418ecf18-d848-4d04-8dce-dd60c38f926c,a5794c51-2dbd-4523-829d-71e5139e7687,2025-07-10 22:42:38.852+00,2025-07-10 22:43:37.397+00,ended,2025-07-10 22:42:38.886325,2025-07-10 22:43:37.397,
41907de4-cfaf-434c-8627-76bb4e0ce598,13089f04-828f-4918-97fd-e5796ef04e77,2025-06-24 03:24:22.615+00,2025-06-24 03:24:23.388+00,ended,2025-06-24 03:24:22.617812,2025-06-24 03:24:23.388,
4192f814-3b1c-4aa1-9b83-fea650efeb5d,13089f04-828f-4918-97fd-e5796ef04e77,2025-06-24 03:10:04.66+00,2025-06-24 03:10:04.818+00,ended,2025-06-24 03:10:04.663126,2025-06-24 03:10:04.818,
419a5f90-7dce-4370-bc4b-db9bd8f700bd,4bd6521f-4dc4-4a4f-bd8d-0cbb24653b76,2025-06-08 18:05:04.877+00,2025-06-08 18:05:05.201+00,ended,2025-06-08 18:05:04.881872,2025-06-08 18:05:05.201,
41f82a15-7287-4868-bb4f-5433bb997a79,90341f70-0087-4628-a03e-c776221292af,2025-06-25 21:04:42.261+00,2025-06-25 21:05:27.551+00,ended,2025-06-25 21:04:42.264398,2025-06-25 21:05:27.551,
4204c1bf-9202-4dcc-9776-0fecacaf1c3b,90341f70-0087-4628-a03e-c776221292af,2025-07-09 20:48:22.991+00,2025-07-09 20:49:08.799+00,ended,2025-07-09 20:48:22.994076,2025-07-09 20:49:08.799,
424d062e-d386-4c7f-8b3d-c9eea44a4649,90341f70-0087-4628-a03e-c776221292af,2025-07-12 08:31:50.672+00,2025-07-12 08:32:07.896+00,ended,2025-07-12 08:31:50.67423,2025-07-12 08:32:07.896,
42533cc4-c0ca-454b-aff4-8cf957697fe6,13089f04-828f-4918-97fd-e5796ef04e77,2025-06-24 04:04:08.795+00,2025-06-24 04:04:09.091+00,ended,2025-06-24 04:04:08.79803,2025-06-24 04:04:09.091,
425500cf-1f97-4168-bac2-24bc61b230bd,dfef8c51-f869-4ead-874d-78d740bfa5d4,2025-06-24 00:26:23.391+00,2025-06-24 00:26:23.554+00,ended,2025-06-24 00:26:23.405084,2025-06-24 00:26:23.554,
42977416-7907-40d9-b98f-79bae25e9971,b4e2f64f-e6ec-4da8-aa61-9a2e30158fed,2025-06-24 00:37:16.697+00,2025-06-24 00:37:16.796+00,ended,2025-06-24 00:37:16.698211,2025-06-24 00:37:16.796,
42bac248-56d2-4e5d-95bf-7db4df96941e,fddc0bc3-c46f-4502-81ff-ed4ccda0d0dc,2025-08-30 15:25:53.998+00,2025-08-30 15:25:55.265+00,ended,2025-08-30 15:25:53.999252,2025-08-30 15:25:55.265,
42c95b8b-2e90-46ba-b675-7bd94d5235fd,90341f70-0087-4628-a03e-c776221292af,2025-09-08 20:49:46.889+00,2025-09-08 20:50:42.098+00,ended,2025-09-08 20:49:46.887637,2025-09-08 20:50:42.098,
42ed33cf-6798-4a5a-bb68-204a315049be,13089f04-828f-4918-97fd-e5796ef04e77,2025-06-24 03:10:04.093+00,2025-06-24 03:10:04.241+00,ended,2025-06-24 03:10:04.096916,2025-06-24 03:10:04.241,
42fb8ae5-f1f8-4da7-95b0-ed9b08de697a,90341f70-0087-4628-a03e-c776221292af,2025-07-06 22:12:35.142+00,2025-07-06 22:13:08.762+00,ended,2025-07-06 22:12:35.162098,2025-07-06 22:13:08.762,
42ff4ef1-622d-4f40-bdf8-ab980d64f1d0,b4e2f64f-e6ec-4da8-aa61-9a2e30158fed,2025-06-24 00:38:31.008+00,2025-06-24 00:38:31.216+00,ended,2025-06-24 00:38:31.010427,2025-06-24 00:38:31.216,
4380e252-5361-4dd3-8a9a-fc4c1f13b593,dfef8c51-f869-4ead-874d-78d740bfa5d4,2025-06-24 00:37:41.706+00,2025-06-24 00:37:42.164+00,ended,2025-06-24 00:37:41.707452,2025-06-24 00:37:42.164,
43a58895-b349-4c8a-b387-376b10d82874,dfef8c51-f869-4ead-874d-78d740bfa5d4,2025-06-24 00:37:39.964+00,2025-06-24 00:37:40.097+00,ended,2025-06-24 00:37:39.967071,2025-06-24 00:37:40.097,
43af1e4b-2df3-49e3-9804-7d9703fe2826,a5794c51-2dbd-4523-829d-71e5139e7687,2025-07-10 22:47:29.222+00,2025-07-10 22:47:50.571+00,ended,2025-07-10 22:47:29.25635,2025-07-10 22:47:50.571,
43faf8e2-a84a-4731-be78-764e0a8a6565,13089f04-828f-4918-97fd-e5796ef04e77,2025-06-24 03:34:30.797+00,2025-06-24 03:34:31.15+00,ended,2025-06-24 03:34:30.798178,2025-06-24 03:34:31.15,
440fda71-cb37-4d51-ad76-2d93ac2d477e,dfef8c51-f869-4ead-874d-78d740bfa5d4,2025-06-24 00:37:43.84+00,2025-06-24 00:37:44.376+00,ended,2025-06-24 00:37:43.842933,2025-06-24 00:37:44.376,
4410d507-c4a3-4e9d-8d70-67dc8ee72cd2,febb1cb0-6139-455f-b7eb-eeb9df13ffe3,2025-09-08 09:52:31.395+00,2025-09-08 09:53:19.434+00,ended,2025-09-08 09:52:31.398107,2025-09-08 09:53:19.434,
4427bd8f-30c0-4673-ae19-c16f890d6353,13089f04-828f-4918-97fd-e5796ef04e77,2025-06-24 03:45:07.325+00,2025-06-24 03:45:07.464+00,ended,2025-06-24 03:45:07.33001,2025-06-24 03:45:07.464,
443d22a0-fbf7-4bf6-bdd3-795db3d44965,b4e2f64f-e6ec-4da8-aa61-9a2e30158fed,2025-06-24 00:38:08.777+00,2025-06-24 00:38:08.91+00,ended,2025-06-24 00:38:08.780184,2025-06-24 00:38:08.91,
44747991-bbd7-4460-837a-ff81309aa02a,dfef8c51-f869-4ead-874d-78d740bfa5d4,2025-06-24 00:37:42.76+00,2025-06-24 00:37:43.287+00,ended,2025-06-24 00:37:42.761396,2025-06-24 00:37:43.287,
4488362c-bd90-49e0-8858-1e0a2b8ccf15,2517bd6a-ed5c-4c59-b53e-396ec87fbdf5,2025-09-17 10:54:29.421+00,2025-09-17 11:04:05.78+00,ended,2025-09-17 10:54:29.422699,2025-09-17 11:04:05.78,
44df9bf2-5607-4e8a-b070-c1083823d86d,90341f70-0087-4628-a03e-c776221292af,2025-07-10 02:49:18.213+00,2025-07-10 02:49:32.668+00,ended,2025-07-10 02:49:18.215654,2025-07-10 02:49:32.668,"Your posture analysis shows consistently good posture for the entire monitored period.  It's great to see such strong foundational posture!  Keep up the excellent work!

Maintaining this level of posture is key to long-term health and well-being.  To continue this positive trend, I suggest continuing with whatever you are doing.  Perhaps consider short, regular posture check-ins throughout your day to ensure you maintain awareness of your body positioning.

There is no need for specific adjustments at this time given the consistently excellent results.  However, remember that even with perfect posture, regular movement and stretching are beneficial.
"
44e434d6-8e81-4535-9090-08a0d989d57c,cf36e5d2-1ef0-494e-8818-6681cc989d53,2025-09-08 09:49:55.306+00,2025-09-08 09:49:55.692+00,ended,2025-09-08 09:49:55.335852,2025-09-08 09:49:55.692,
45cac56b-1f73-4c7d-aa61-114da097e7c9,dfef8c51-f869-4ead-874d-78d740bfa5d4,2025-06-24 00:37:41.625+00,2025-06-24 00:37:42.158+00,ended,2025-06-24 00:37:41.627206,2025-06-24 00:37:42.158,
46f1316f-63ad-4791-b470-d400bb6da15b,dfef8c51-f869-4ead-874d-78d740bfa5d4,2025-06-24 00:37:45.059+00,2025-06-24 00:37:45.527+00,ended,2025-06-24 00:37:45.060974,2025-06-24 00:37:45.527,
47519544-5d2a-4bf8-a24e-fd9cb8f72991,90341f70-0087-4628-a03e-c776221292af,2025-08-29 14:52:46.593+00,2025-08-29 14:53:45.084+00,ended,2025-08-29 14:52:46.597387,2025-08-29 14:53:45.084,"Okay, let's take a look at your posture data. It seems like you were doing pretty well in the beginning, but there were a few instances of your head drifting forward, especially towards the end of the session. Your neck angle also showed some inconsistency, dipping into a less-than-ideal position a few times.

Based on these observations, I'd recommend focusing on keeping your head aligned over your shoulders. Throughout your next session, be extra mindful of your head position. If you notice your head creeping forward, gently tuck your chin back. Also, consider setting a timer to remind yourself to take short breaks every 20-30 minutes to stand up, move around, and do some simple neck stretches.

For stretches, try some gentle neck rotations and side bends to loosen up any tension. Shoulder blade squeezes can also help improve your overall upper body posture. Remember, small adjustments and regular breaks can make a big difference in maintaining good posture and preventing discomfort.
"
47958f3d-abf8-4fb7-959f-da236a6e1df2,90341f70-0087-4628-a03e-c776221292af,2025-07-13 08:14:25.326+00,2025-07-13 08:15:20.185+00,ended,2025-07-13 08:14:25.328559,2025-07-13 08:15:20.185,"Your posture analysis shows consistently good posture throughout the observed minute.  This is excellent!  It indicates you're maintaining a healthy neck, trunk, and head position.  Keep up the great work!

To maintain this excellent posture, I recommend continuing with your current practices.  Consider incorporating short, regular movement breaks into your routine to prevent stiffness and maintain your excellent form.  Even a quick stretch every 20-30 minutes can make a difference.

There's nothing to improve upon based on this data; your posture is already exemplary.  If you experience any discomfort or changes in your posture in the future, don't hesitate to run another analysis.
"
479aab11-d6ca-41e8-ad0f-8b3d5faebea3,13089f04-828f-4918-97fd-e5796ef04e77,2025-06-24 04:04:07.888+00,2025-06-24 04:04:08.058+00,ended,2025-06-24 04:04:07.90318,2025-06-24 04:04:08.058,
47bc7012-eb62-4c47-986e-84ae5ef75f40,b4e2f64f-e6ec-4da8-aa61-9a2e30158fed,2025-06-24 00:38:16.418+00,2025-06-24 00:38:16.667+00,ended,2025-06-24 00:38:16.421252,2025-06-24 00:38:16.667,
47c41cc4-3499-4111-82eb-c5034ee1c257,afcb35d6-1121-4767-81de-3696063b4837,2025-08-28 20:36:04.048+00,2025-08-28 20:36:40.53+00,ended,2025-08-28 20:36:04.047664,2025-08-28 20:36:40.53,
47c6d643-96b8-4d77-8bdb-58e356affacb,4bd6521f-4dc4-4a4f-bd8d-0cbb24653b76,2025-06-07 00:20:01.343+00,2025-06-07 00:20:19.761+00,ended,2025-06-07 00:20:01.424249,2025-06-07 00:20:19.761,
480e1cd8-f12e-4006-9039-56af029411ef,90341f70-0087-4628-a03e-c776221292af,2025-09-09 07:59:57.797+00,2025-09-09 08:00:51.955+00,ended,2025-09-09 07:59:57.801939,2025-09-09 08:00:51.955,
48135a4c-813f-4ddf-b199-a56e734ea02d,b4e2f64f-e6ec-4da8-aa61-9a2e30158fed,2025-06-24 00:37:16.784+00,2025-06-24 00:37:16.93+00,ended,2025-06-24 00:37:16.833466,2025-06-24 00:37:16.93,
4829a0ce-53b2-4b3d-90a1-519886518ece,4bd6521f-4dc4-4a4f-bd8d-0cbb24653b76,2025-06-09 11:59:35.925+00,2025-06-09 12:00:15.749+00,ended,2025-06-09 11:59:35.965626,2025-06-09 12:00:15.749,"1. Overall Session Score

Your posture session was excellent.  The vast majority of the time was spent with very good posture, indicating a strong foundation for healthy sitting habits.


2. Deep Dive on Problem Metrics

While your posture was mostly excellent, we can still fine-tune it.  The only area needing attention is head and neck positioning.  Specifically, there were a few instances of fair neck angle.

- Neck Angle: This measures how straight your neck is.  It's assessed by looking at the angle between your neck and your upper back.  A small percentage of the session showed slightly less-than-ideal neck alignment. This happened sporadically.  Poor neck angle can lead to neck stiffness, headaches, and long-term neck pain.

- Craniovertebral Angle: This measures the angle between your head and your neck.  It was good throughout the short session. Maintaining a good craniovertebral angle is crucial for preventing strain on your neck and upper back.


3. Structured Solution Plan

a. Immediate Cues:  Check your posture right now.  Imagine a string pulling you up from the crown of your head, lengthening your spine.  Keep your chin parallel to the floor.

b. Workstation Tweaks: Ensure your monitor is at eye level (top of screen roughly at eye level). Your chair should support your lower back.  Your keyboard should be positioned so your elbows are bent at approximately 90 degrees.  Use a footrest if your feet don't comfortably rest on the floor.

c. Micro-Break & Exercise Routine: Every 30 minutes, do a quick neck stretch: gently tilt your head to the right, hold for 15 seconds, then repeat on the left. Follow with a shoulder roll (forward 5 times, backward 5 times).


4. Progress & Tracking Tips

Over the next week, aim to maintain the excellent posture you've already demonstrated. You can use a posture app to get feedback and track your progress.  Set a timer to remind yourself to do the micro-breaks.


5. Motivational Close

You're off to a great start!  By consistently practicing good posture and incorporating these simple adjustments, you'll significantly reduce your risk of discomfort and long-term health issues. Keep up the great work!
"
489093ba-20da-4463-a82f-c1e3f119a636,4bd6521f-4dc4-4a4f-bd8d-0cbb24653b76,2025-06-07 00:44:13.834+00,2025-06-07 00:44:22.584+00,ended,2025-06-07 00:44:13.877894,2025-06-07 00:44:22.584,
4896958e-afea-4d7e-9d25-ded0afc62c8c,c946261b-7a4b-47f7-a8fd-cc6b4d3bbf1a,2025-08-23 20:56:20.906+00,2025-08-23 20:56:53.178+00,ended,2025-08-23 20:56:20.908114,2025-08-23 20:56:53.178,
4943cbc5-d134-422c-9d4b-cc5776f6b5a4,90341f70-0087-4628-a03e-c776221292af,2025-09-03 15:47:08.356+00,2025-09-03 15:47:30.187+00,ended,2025-09-03 15:47:08.358164,2025-09-03 15:47:30.187,
494fbac7-6db6-4fe5-9c18-4b4452ca829d,4bd6521f-4dc4-4a4f-bd8d-0cbb24653b76,2025-06-09 11:03:54.966+00,2025-06-09 11:04:06.239+00,ended,2025-06-09 11:03:55.025816,2025-06-09 11:04:06.239,
49c27d8f-fb1b-46bb-8d5d-e6da78faec98,b4e2f64f-e6ec-4da8-aa61-9a2e30158fed,2025-06-24 00:37:16.762+00,2025-06-24 00:37:16.903+00,ended,2025-06-24 00:37:16.812829,2025-06-24 00:37:16.903,
49eb93a9-cf6e-4452-934b-ef857fd66ac1,dfef8c51-f869-4ead-874d-78d740bfa5d4,2025-06-24 00:37:44.44+00,2025-06-24 00:37:45.021+00,ended,2025-06-24 00:37:44.442278,2025-06-24 00:37:45.021,
4a4bb2eb-be6e-46cf-9c62-89aa2fa757d3,a5794c51-2dbd-4523-829d-71e5139e7687,2025-07-10 07:57:47.133+00,2025-07-10 07:58:00.79+00,ended,2025-07-10 07:57:47.152879,2025-07-10 07:58:00.79,
4a8e8ea8-1e23-4bf2-8c6c-66ec8f270e4b,1ac653f4-5275-4e21-814d-56992851e16a,2025-10-03 08:12:23.41+00,2025-10-03 08:14:30.918+00,ended,2025-10-03 08:12:23.411693,2025-10-03 08:14:30.918,
4aec88ec-6987-4998-a7d5-160a32dea64e,d839845e-90ef-4f0b-9977-889e4244fa66,2025-10-09 19:54:33.877+00,2025-10-09 19:56:41.553+00,ended,2025-10-09 19:54:33.879303,2025-10-09 19:56:41.553,
4b1cc7f7-b30d-4e78-aaf4-3da262e18360,ec9df34f-aa24-4a6f-8596-b11fd5b85001,2025-09-02 12:22:43.595+00,2025-09-02 12:23:07.662+00,ended,2025-09-02 12:22:43.603497,2025-09-02 12:23:07.662,
4b3450e8-e37f-4c97-b94e-849e83331448,b4e2f64f-e6ec-4da8-aa61-9a2e30158fed,2025-06-24 00:37:16.128+00,2025-06-24 00:37:16.235+00,ended,2025-06-24 00:37:16.137302,2025-06-24 00:37:16.235,
4b39d7a2-0ac8-4a8c-b9a2-6d021f2132b1,05ebc568-216a-4af1-a6b5-fec1872024c0,2025-07-19 21:56:37.622+00,2025-07-19 22:11:43.96+00,ended,2025-07-19 21:56:37.635757,2025-07-19 22:11:43.96,
4b64f17e-0534-412e-9c21-b83022b86e8e,90341f70-0087-4628-a03e-c776221292af,2025-07-06 04:46:21.319+00,2025-07-06 04:47:24.622+00,ended,2025-07-06 04:46:21.324671,2025-07-06 04:47:24.622,
4ba24a54-774a-42fb-a73e-6ca979f6f7c9,90341f70-0087-4628-a03e-c776221292af,2025-09-01 15:50:50.38+00,2025-09-01 15:51:04.57+00,ended,2025-09-01 15:50:50.382048,2025-09-01 15:51:04.57,
4bda69ed-c966-4a42-9343-a86c65a22b9b,62ab043d-9a88-4fd9-9e93-339d23bc47f3,2025-07-17 20:36:30.97+00,2025-07-17 20:57:12.896+00,ended,2025-07-17 20:36:30.973536,2025-07-17 20:57:12.896,
4bdcb141-2a0a-4ed8-8490-f80b7b0430d6,90341f70-0087-4628-a03e-c776221292af,2025-07-22 18:21:51.126+00,2025-07-22 18:22:45.389+00,ended,2025-07-22 18:21:51.173668,2025-07-22 18:22:45.389,"Your posture analysis shows a consistent issue with your head position, specifically a forward head posture, which was the most frequently flagged problem during the session.  While there were brief periods of better neck and trunk posture, the forward head posture remained a recurring concern.

It seems this posture issue might be consistent throughout the session, indicating a habit that needs attention.  This could be due to prolonged periods of sitting or working at a desk.

To address the forward head posture, I suggest focusing on maintaining a neutral head position.  Try setting reminders to check your posture throughout the day, and consider using a posture corrector or investing in an ergonomic chair that provides better lumbar support.  Simple stretches targeting the neck and upper back can also help alleviate tension and improve posture.

Remember, small changes can make a big difference!  By consciously focusing on your head position and incorporating these suggestions, you can significantly improve your overall posture over time.
"
4bec64ca-7cc3-40cd-9316-09308684907f,6b55160a-fac9-480c-b004-b976c9a2c0fb,2025-06-11 08:24:59.336+00,2025-06-11 08:25:04.268+00,ended,2025-06-11 08:24:59.339357,2025-06-11 08:25:04.268,
4c03660d-5776-42af-a62e-4c1c7bba1151,13089f04-828f-4918-97fd-e5796ef04e77,2025-06-24 03:10:05.087+00,2025-06-24 03:10:05.213+00,ended,2025-06-24 03:10:05.090406,2025-06-24 03:10:05.213,
4c728989-bceb-4a1d-843c-7131912949a9,dfef8c51-f869-4ead-874d-78d740bfa5d4,2025-06-24 00:37:45.06+00,2025-06-24 00:37:45.529+00,ended,2025-06-24 00:37:45.061535,2025-06-24 00:37:45.529,
4cb3098b-f1c5-4cca-a09f-8734fdfb6ba6,dfef8c51-f869-4ead-874d-78d740bfa5d4,2025-06-24 00:37:45.02+00,2025-06-24 00:37:45.546+00,ended,2025-06-24 00:37:45.036318,2025-06-24 00:37:45.546,
4cb39bcf-0ace-42c7-bcec-8acbfbfae47a,90341f70-0087-4628-a03e-c776221292af,2025-07-08 18:10:04.165+00,2025-07-08 18:10:40.141+00,ended,2025-07-08 18:10:04.168665,2025-07-08 18:10:40.141,
4cfde9f7-1d83-434a-9816-e8aabb123982,13089f04-828f-4918-97fd-e5796ef04e77,2025-06-24 03:10:05.595+00,2025-06-24 03:10:05.736+00,ended,2025-06-24 03:10:05.598022,2025-06-24 03:10:05.736,
4d0fe318-2776-4c55-ad9d-bd8a07ba5db4,6b55160a-fac9-480c-b004-b976c9a2c0fb,2025-06-12 04:02:19.167+00,2025-06-12 04:02:39.788+00,ended,2025-06-12 04:02:19.17117,2025-06-12 04:02:39.788,
4d1cac31-14ce-4898-82bb-f6eee59fb555,b4e2f64f-e6ec-4da8-aa61-9a2e30158fed,2025-06-24 00:38:30.779+00,2025-06-24 00:38:31.037+00,ended,2025-06-24 00:38:30.78048,2025-06-24 00:38:31.037,
4d4164a2-b224-4d91-b3e9-b6478272da05,dfef8c51-f869-4ead-874d-78d740bfa5d4,2025-06-24 00:37:42.698+00,2025-06-24 00:37:43.243+00,ended,2025-06-24 00:37:42.700575,2025-06-24 00:37:43.243,
4d7f7c31-d094-4e3b-9584-8d78c84ebab9,dfef8c51-f869-4ead-874d-78d740bfa5d4,2025-06-24 00:37:43.851+00,2025-06-24 00:37:45.003+00,ended,2025-06-24 00:37:43.852424,2025-06-24 00:37:45.003,
4d8a84ff-ca10-4cba-8452-6b2cefe162dd,05ebc568-216a-4af1-a6b5-fec1872024c0,2025-07-24 19:25:50.012+00,2025-07-24 19:26:42.99+00,ended,2025-07-24 19:25:50.016786,2025-07-24 19:26:42.99,
4da706de-c08b-4a6e-afb5-77e515b98abb,90341f70-0087-4628-a03e-c776221292af,2025-07-12 09:12:29.595+00,2025-07-12 09:13:04.49+00,ended,2025-07-12 09:12:29.594775,2025-07-12 09:13:04.49,"Your posture analysis shows a tendency towards a forward head posture and some inconsistencies in neck and upper back positioning.  While there were periods of good posture, the data indicates that these positive positions were not consistently maintained.  Specifically, the forward head position seems to be the most frequent area of concern.

It looks like your posture tends to degrade slightly over time during this short session. This suggests that maintaining good posture might require more conscious effort as the session progresses.

To address the forward head posture, try focusing on keeping your ears aligned over your shoulders.  Simple exercises like chin tucks (gently pulling your chin back towards your neck) can help strengthen the muscles that support good head posture.  Also, be mindful of your screen position; ensure it's at eye level to avoid straining your neck.

Remember, improving posture is a journey, not a race.  By focusing on these small adjustments and maintaining awareness throughout your day, you'll see improvements over time.  Even short breaks to stretch and readjust can make a big difference.
"
4dd5b43d-94bb-45aa-b9b9-6a0ca50b6f7d,bdb5df54-ce78-4b4a-aaa1-35360f33ca46,2025-09-10 11:46:01.307+00,2025-09-10 11:48:51.815+00,ended,2025-09-10 11:46:01.306144,2025-09-10 11:48:51.815,
4dee6288-ea84-4a41-8bfd-7564818d75e7,60ee98dd-0069-4e89-a34b-98663b573aa4,2025-09-06 16:12:29.378+00,2025-09-06 16:12:51.499+00,ended,2025-09-06 16:12:29.380057,2025-09-06 16:12:51.499,
4e228963-008c-4f43-81a8-16435acca7b2,6b55160a-fac9-480c-b004-b976c9a2c0fb,2025-06-15 00:36:13.91+00,2025-06-15 00:36:36.777+00,ended,2025-06-15 00:36:13.912441,2025-06-15 00:36:36.777,
4e5f12b9-91e4-45da-980c-0288960a9a6d,dfef8c51-f869-4ead-874d-78d740bfa5d4,2025-06-24 00:37:44.364+00,2025-06-24 00:37:44.982+00,ended,2025-06-24 00:37:44.366456,2025-06-24 00:37:44.982,
4e62006a-8034-4ed7-ab11-1a0a235176a8,13089f04-828f-4918-97fd-e5796ef04e77,2025-06-24 03:34:31.701+00,2025-06-24 03:34:32.132+00,ended,2025-06-24 03:34:31.742885,2025-06-24 03:34:32.132,
4e85cccc-890b-49a7-b774-a49d98ac7df1,dfef8c51-f869-4ead-874d-78d740bfa5d4,2025-06-24 00:26:24.859+00,2025-06-24 00:26:25.06+00,ended,2025-06-24 00:26:24.859962,2025-06-24 00:26:25.06,
4f0d2c3a-4d11-477a-b61d-21503d2317e7,05ebc568-216a-4af1-a6b5-fec1872024c0,2025-09-12 19:32:16.902+00,2025-09-12 20:56:58.659+00,ended,2025-09-12 19:32:16.917138,2025-09-12 20:56:58.659,
4f1f1ac7-1166-44f6-9524-b52aaf9edb18,90341f70-0087-4628-a03e-c776221292af,2025-09-04 11:33:15.39+00,2025-09-04 11:33:38.7+00,ended,2025-09-04 11:33:15.393562,2025-09-04 11:33:38.701,
4f3c73c9-386f-4735-902f-4e1262521489,dfef8c51-f869-4ead-874d-78d740bfa5d4,2025-06-24 00:37:40.142+00,2025-06-24 00:37:40.286+00,ended,2025-06-24 00:37:40.143507,2025-06-24 00:37:40.286,
4f60ff3d-84b3-4dea-a2f5-f78bbb184e6e,bdb5df54-ce78-4b4a-aaa1-35360f33ca46,2025-08-07 12:56:16.013+00,2025-08-07 12:56:17.619+00,ended,2025-08-07 12:56:16.015524,2025-08-07 12:56:17.619,
4f70d75b-0a7c-4886-84fb-92fd7c037f61,90341f70-0087-4628-a03e-c776221292af,2025-07-06 23:51:59.591+00,2025-07-06 23:52:35.452+00,ended,2025-07-06 23:51:59.592907,2025-07-06 23:52:35.452,
50104c2c-1d74-41d8-b414-22fc2bcb6aa8,dfef8c51-f869-4ead-874d-78d740bfa5d4,2025-06-24 23:21:47.127+00,2025-06-24 23:21:47.538+00,ended,2025-06-24 23:21:47.131557,2025-06-24 23:21:47.538,
505c9a65-bd10-4f0b-a1f9-49e6510360e9,4bd6521f-4dc4-4a4f-bd8d-0cbb24653b76,2025-06-08 18:01:23.637+00,2025-06-08 18:01:23.818+00,ended,2025-06-08 18:01:23.640822,2025-06-08 18:01:23.818,
50603654-f467-428b-8a73-b550aa33d1c2,b4e2f64f-e6ec-4da8-aa61-9a2e30158fed,2025-06-24 00:37:16.956+00,2025-06-24 00:37:17.142+00,ended,2025-06-24 00:37:16.960363,2025-06-24 00:37:17.142,
50741825-6733-4726-80e0-5d93354bda32,90341f70-0087-4628-a03e-c776221292af,2025-07-12 04:21:28.647+00,2025-07-12 04:21:50.238+00,ended,2025-07-12 04:21:28.651242,2025-07-12 04:21:50.238,
50d296e4-a518-4136-b4b9-4ff0f04279ea,dfef8c51-f869-4ead-874d-78d740bfa5d4,2025-06-24 00:37:41.109+00,2025-06-24 00:37:41.6+00,ended,2025-06-24 00:37:41.122439,2025-06-24 00:37:41.6,
50d4b6a4-a8aa-4732-9a83-380a1d9b4fea,dfef8c51-f869-4ead-874d-78d740bfa5d4,2025-06-24 00:37:40.073+00,2025-06-24 00:37:40.195+00,ended,2025-06-24 00:37:40.075219,2025-06-24 00:37:40.195,
50fd7d7a-fb46-4a8e-8e78-04720839a54d,90341f70-0087-4628-a03e-c776221292af,2025-07-13 08:19:01.44+00,2025-07-13 08:21:40.149+00,ended,2025-07-13 08:19:01.441563,2025-07-13 08:21:40.15,
51157dae-82df-4851-a1f0-f2cff0f4eb3a,cf36e5d2-1ef0-494e-8818-6681cc989d53,2025-09-08 09:50:12.862+00,2025-09-08 09:50:13.228+00,ended,2025-09-08 09:50:12.865431,2025-09-08 09:50:13.228,
51291f83-8ac8-4993-8e7f-cca28e8b61b3,90341f70-0087-4628-a03e-c776221292af,2025-06-30 07:35:27.97+00,2025-06-30 07:36:58.002+00,ended,2025-06-30 07:35:27.972853,2025-06-30 07:36:58.002,
5142b179-b04f-4ce5-b9eb-110968c0503d,bdb5df54-ce78-4b4a-aaa1-35360f33ca46,2025-08-26 08:16:52.716+00,2025-08-26 08:16:53.102+00,ended,2025-08-26 08:16:52.720455,2025-08-26 08:16:53.102,
51467cfd-372c-4f77-9ae3-22f08c64b4a8,a5794c51-2dbd-4523-829d-71e5139e7687,2025-07-10 22:59:21.689+00,2025-07-10 22:59:43.018+00,ended,2025-07-10 22:59:21.691457,2025-07-10 22:59:43.018,
514719e0-7fa9-4996-a344-8b771eab90c4,dfef8c51-f869-4ead-874d-78d740bfa5d4,2025-06-24 00:37:42.722+00,2025-06-24 00:37:43.302+00,ended,2025-06-24 00:37:42.723656,2025-06-24 00:37:43.302,
517067a4-0b57-4c29-9009-1324ee79f6db,dfef8c51-f869-4ead-874d-78d740bfa5d4,2025-06-24 00:37:40.321+00,2025-06-24 00:37:41.015+00,ended,2025-06-24 00:37:40.323248,2025-06-24 00:37:41.015,
519e4ec3-4b8c-4f54-a649-6c4bd5dd1b89,dfef8c51-f869-4ead-874d-78d740bfa5d4,2025-06-24 00:37:42.181+00,2025-06-24 00:37:42.666+00,ended,2025-06-24 00:37:42.191665,2025-06-24 00:37:42.666,
51d2e80c-d16b-4a94-8a30-d580787df67b,13089f04-828f-4918-97fd-e5796ef04e77,2025-06-24 03:24:26.864+00,2025-06-24 03:24:28.398+00,ended,2025-06-24 03:24:26.868269,2025-06-24 03:24:28.398,
520e529e-83f0-40ec-b2f5-118968fb684a,bdb5df54-ce78-4b4a-aaa1-35360f33ca46,2025-08-07 12:58:02.364+00,2025-08-07 12:59:39.605+00,ended,2025-08-07 12:58:02.368411,2025-08-07 12:59:39.605,
52218590-a67f-4ff9-aa3d-d8ea6d97c395,6b55160a-fac9-480c-b004-b976c9a2c0fb,2025-06-15 05:06:45.77+00,2025-06-15 05:06:58.84+00,ended,2025-06-15 05:06:45.772162,2025-06-15 05:06:58.84,
5298b249-bfaa-4463-9296-511057fa6da4,90341f70-0087-4628-a03e-c776221292af,2025-08-26 10:06:26.44+00,2025-08-26 10:08:00.676+00,ended,2025-08-26 10:06:26.441653,2025-08-26 10:08:00.676,"Your posture analysis shows consistently excellent craniovertebral angle throughout the monitored session.  This is fantastic!  It indicates you're maintaining a healthy alignment between your head and neck.  Keep up the great work in this area.

There were no other posture metrics flagged as anything less than good during this session.  This suggests you're already practicing excellent posture habits.

To maintain this excellent posture, continue focusing on your overall body awareness.  Regularly check in with yourself to ensure you're sitting or standing tall, with your shoulders relaxed and your head balanced over your spine.

Even with perfect posture during this session, consider incorporating short stretches or movement breaks into your routine to maintain flexibility and prevent stiffness.  This will help you continue to maintain this excellent posture.
"
52ade8a7-800f-4d2e-9612-9415d7ce2896,79ff3ffa-acb8-4f21-89c3-a04ccb1408a2,2025-06-15 23:53:53.418+00,2025-06-15 23:54:00.521+00,ended,2025-06-15 23:53:53.457777,2025-06-15 23:54:00.521,
52b13676-ec32-411c-b278-8e7a4c0833fc,e44dcea5-2b0c-4bcc-9150-c94b044fabf9,2025-07-17 12:00:50.347+00,2025-07-17 12:00:53.808+00,ended,2025-07-17 12:00:50.350282,2025-07-17 12:00:53.808,"Based on the short recording, your posture appears excellent so far!  There are no recurring issues or patterns to identify yet.  Keep up the great work maintaining good posture.

To continue this positive trend, I recommend maintaining awareness of your posture throughout your day.  Even short breaks to consciously correct your posture can make a big difference.  Try setting reminders on your phone or computer to check in on your posture every 30 minutes.
"
52f8c452-0e50-48fd-8bda-696c347486a3,dfef8c51-f869-4ead-874d-78d740bfa5d4,2025-06-24 23:22:05.161+00,2025-06-24 23:22:06.383+00,ended,2025-06-24 23:22:05.163163,2025-06-24 23:22:06.383,
5327ee5b-f31b-4dbc-af87-ed4b7201865e,13089f04-828f-4918-97fd-e5796ef04e77,2025-06-24 03:34:31.187+00,2025-06-24 03:34:31.562+00,ended,2025-06-24 03:34:31.189257,2025-06-24 03:34:31.562,
5346e8e5-01d7-4219-9d43-b6a409b9e9c9,13089f04-828f-4918-97fd-e5796ef04e77,2025-06-24 03:34:30.619+00,2025-06-24 03:34:30.782+00,ended,2025-06-24 03:34:30.637287,2025-06-24 03:34:30.782,
53720e38-5396-4970-98ee-8a5d26ae74d6,dfef8c51-f869-4ead-874d-78d740bfa5d4,2025-06-24 00:37:43.476+00,2025-06-24 00:37:43.877+00,ended,2025-06-24 00:37:43.479131,2025-06-24 00:37:43.877,
53a9f6c3-61ed-4737-8432-e0b4533323ed,dfef8c51-f869-4ead-874d-78d740bfa5d4,2025-06-24 00:37:39.768+00,2025-06-24 00:37:39.913+00,ended,2025-06-24 00:37:39.770901,2025-06-24 00:37:39.913,
53e8ce58-e88c-400c-b272-be47b0425823,90341f70-0087-4628-a03e-c776221292af,2025-07-27 00:01:15.882+00,2025-07-27 00:01:53.955+00,ended,2025-07-27 00:01:15.883819,2025-07-27 00:01:53.955,"Your posture analysis shows consistently good posture throughout the monitored session.  This is excellent!  It seems you're maintaining a healthy neck, head, and trunk alignment.  Keep up the great work!

Maintaining this level of posture is key to long-term comfort and well-being. To further support your already excellent posture, consider incorporating short, regular movement breaks into your day. Even a few minutes of stretching or walking can help maintain muscle strength and flexibility.

Since no specific areas of concern were identified, there aren't any targeted adjustments to recommend. However, consider maintaining awareness of your posture throughout your day and making small adjustments as needed. This consistent mindfulness will help you maintain this excellent posture.
"
53e95546-f5ec-470f-a44b-9fcb0da5c0f7,dfef8c51-f869-4ead-874d-78d740bfa5d4,2025-06-24 00:37:44.358+00,2025-06-24 00:37:44.944+00,ended,2025-06-24 00:37:44.361036,2025-06-24 00:37:44.944,
53f78ae0-82a9-4427-8f00-6de5b3381d21,90341f70-0087-4628-a03e-c776221292af,2025-08-26 09:34:53.185+00,2025-08-26 09:35:24.898+00,ended,2025-08-26 09:34:53.187535,2025-08-26 09:35:24.898,"Your posture analysis shows consistently good posture throughout the monitored minute!  That's fantastic.  It seems you're maintaining excellent head, neck, and trunk alignment.  Keep up the great work!

To maintain this positive trend, remember to take short breaks every 30-60 minutes to stretch and move around. Even small adjustments can make a big difference in preventing fatigue and maintaining good posture over longer periods.

Since your posture was consistently excellent during this session, there are no specific areas to target for improvement.  However, consider incorporating regular mindfulness exercises to further enhance body awareness and posture maintenance throughout your day.  This could include simple stretches or even just paying attention to your posture while sitting or standing.
"
548720f0-8e0d-4f5d-a497-3907057c4b09,b4e2f64f-e6ec-4da8-aa61-9a2e30158fed,2025-06-24 00:38:24.006+00,2025-06-24 00:38:30.78+00,ended,2025-06-24 00:38:24.008967,2025-06-24 00:38:30.78,
54ca3704-2569-47b9-99f4-7e5b2b286b3f,05ebc568-216a-4af1-a6b5-fec1872024c0,2025-09-15 20:07:30.085+00,2025-09-15 20:07:51.988+00,ended,2025-09-15 20:07:30.089422,2025-09-15 20:07:51.988,
54ccb595-c0ca-44c3-8c14-067bbf5284fc,2517bd6a-ed5c-4c59-b53e-396ec87fbdf5,2025-09-02 17:17:00.498+00,2025-09-02 17:17:09.144+00,ended,2025-09-02 17:17:00.506509,2025-09-02 17:17:09.144,
54d4f11f-db12-4655-be6a-c0f64ed07b2e,13089f04-828f-4918-97fd-e5796ef04e77,2025-06-24 03:10:05.613+00,2025-06-24 03:10:05.887+00,ended,2025-06-24 03:10:05.615691,2025-06-24 03:10:05.887,
54d61543-b492-497f-bd2e-f54553dede9c,dfef8c51-f869-4ead-874d-78d740bfa5d4,2025-06-24 00:26:23.04+00,2025-06-24 00:26:23.169+00,ended,2025-06-24 00:26:23.040842,2025-06-24 00:26:23.169,
54e33a91-cd87-4d2a-bb69-e131c22045c4,fe3b6d6c-3507-4094-8dd7-e2ef6b15d86d,2025-09-16 15:51:45.466+00,2025-09-16 15:53:02.72+00,ended,2025-09-16 15:51:45.46463,2025-09-16 15:53:02.72,
556634c8-5f26-4ca3-845d-dfe00cfd28af,dfef8c51-f869-4ead-874d-78d740bfa5d4,2025-06-24 00:37:43.953+00,2025-06-24 00:37:44.445+00,ended,2025-06-24 00:37:43.955494,2025-06-24 00:37:44.445,
5570537b-e598-45e1-9790-85fb317f3c4d,dfef8c51-f869-4ead-874d-78d740bfa5d4,2025-06-24 00:37:41.573+00,2025-06-24 00:37:42.181+00,ended,2025-06-24 00:37:41.576299,2025-06-24 00:37:42.181,
55a5ebd0-e3b8-40e6-b531-fcf83be7f229,90341f70-0087-4628-a03e-c776221292af,2025-07-09 21:53:58.551+00,2025-07-09 21:54:21.965+00,ended,2025-07-09 21:53:58.55285,2025-07-09 21:54:21.965,
55c9778a-4f78-417c-b62a-02a0fd32b4fb,90341f70-0087-4628-a03e-c776221292af,2025-07-09 05:04:51.721+00,2025-07-09 05:05:10.646+00,ended,2025-07-09 05:04:51.722527,2025-07-09 05:05:10.646,
55ed3912-8531-4518-9a7d-dc43590d85ae,90341f70-0087-4628-a03e-c776221292af,2025-07-06 23:28:57.014+00,2025-07-06 23:29:37.412+00,ended,2025-07-06 23:28:57.016331,2025-07-06 23:29:37.412,"Your posture analysis shows a tendency towards occasional poor neck and head posture.  Specifically, there were several instances where your head was positioned slightly forward and your neck angle wasn't ideal.  While there were also periods of good posture, the pattern suggests that these areas could benefit from some focused attention.

Interestingly, there wasn't a consistent degradation or improvement in your posture over the minute.  Instead, it seems to fluctuate between good and slightly less optimal positions.  This suggests that you might benefit from proactive strategies to maintain good posture throughout your day, rather than just reacting to discomfort.

To address the forward head posture and less-than-ideal neck angles, I recommend trying some simple stretches and exercises.  Focus on neck rotations, chin tucks (gently pulling your chin back towards your neck), and shoulder blade squeezes to strengthen supporting muscles.  Even taking short, regular breaks to stand up, stretch, and move around can make a big difference.

Remember, good posture is about building consistent habits.  Start small, be patient with yourself, and celebrate the improvements you make along the way.  Even small adjustments can have a significant positive impact on your overall well-being.
"
55fa7ea0-9fe3-4522-aebf-87e963b40779,90341f70-0087-4628-a03e-c776221292af,2025-07-09 19:38:41.014+00,2025-07-09 19:39:28.672+00,ended,2025-07-09 19:38:41.016788,2025-07-09 19:39:28.672,
560b924b-a45e-4660-b24a-d64bec12d552,dfef8c51-f869-4ead-874d-78d740bfa5d4,2025-06-24 00:37:41.669+00,2025-06-24 00:37:42.223+00,ended,2025-06-24 00:37:41.670665,2025-06-24 00:37:42.223,
564743b3-fa76-4b38-8601-fc27dcfcb5e9,4bd6521f-4dc4-4a4f-bd8d-0cbb24653b76,2025-06-08 22:16:05.819+00,2025-06-08 22:16:06.276+00,ended,2025-06-08 22:16:05.821881,2025-06-08 22:16:06.276,
56494813-fced-493f-ba2e-9fb174fb2eda,dfef8c51-f869-4ead-874d-78d740bfa5d4,2025-06-24 00:37:43.239+00,2025-06-24 00:37:43.375+00,ended,2025-06-24 00:37:43.241212,2025-06-24 00:37:43.375,
566136ba-cf17-4670-9b55-69f32dd928b0,dfef8c51-f869-4ead-874d-78d740bfa5d4,2025-06-24 00:37:43.834+00,2025-06-24 00:37:44.372+00,ended,2025-06-24 00:37:43.835931,2025-06-24 00:37:44.372,
56816d86-cdd5-4a6f-a4ea-21eed200fd2e,13089f04-828f-4918-97fd-e5796ef04e77,2025-06-24 03:24:26.493+00,2025-06-24 03:24:27.871+00,ended,2025-06-24 03:24:26.496053,2025-06-24 03:24:27.871,
56a5cf63-098f-4a4c-a0d1-b5ea34ebe59c,05ebc568-216a-4af1-a6b5-fec1872024c0,2025-07-19 21:36:14.999+00,2025-07-19 21:38:35.005+00,ended,2025-07-19 21:36:14.999828,2025-07-19 21:38:35.005,"Your posture analysis shows a recurring tendency towards a forward head position and poor neck posture.  This was the most frequently flagged issue throughout the session.  We also observed some periods of poor craniovertebral angle, suggesting occasional issues with head and neck alignment.  There wasn't a clear pattern of overall improvement or degradation, but rather a mix of better and worse moments.

To combat the forward head position, try focusing on keeping your ears aligned over your shoulders.  Simple exercises like chin tucks (gently pulling your chin back towards your neck) can help strengthen the muscles that support proper head posture.  Be mindful of your screen position – ensure it's at eye level to avoid straining your neck.

Improving your neck posture overall will help alleviate many of the issues.  Consider taking short, regular breaks to stretch your neck and shoulders.  Gentle neck rotations and side bends can improve flexibility and reduce stiffness.  Remember to maintain good posture while sitting, ensuring your back is supported and your shoulders are relaxed.

By consistently practicing these simple strategies, you can significantly improve your posture over time. Remember, even small adjustments can make a big difference in your comfort and well-being.
"
56aac93c-3942-4034-a9df-8af5bb5ffb32,b4e2f64f-e6ec-4da8-aa61-9a2e30158fed,2025-06-24 00:37:16.739+00,2025-06-24 00:37:16.854+00,ended,2025-06-24 00:37:16.740914,2025-06-24 00:37:16.854,
56b0be4a-4860-4568-b89d-6535d2b77c7f,13089f04-828f-4918-97fd-e5796ef04e77,2025-06-24 03:10:04.925+00,2025-06-24 03:10:05.333+00,ended,2025-06-24 03:10:04.928247,2025-06-24 03:10:05.333,
56bb4c58-5f65-431d-9cea-b616e7aa974f,79ff3ffa-acb8-4f21-89c3-a04ccb1408a2,2025-06-16 19:38:46.17+00,2025-06-16 19:39:46.832+00,ended,2025-06-16 19:38:46.265895,2025-06-16 19:39:46.832,
57180e71-de43-4f79-af44-512164a0ba3c,ec9df34f-aa24-4a6f-8596-b11fd5b85001,2025-09-01 15:56:44.358+00,2025-09-01 15:57:11.493+00,ended,2025-09-01 15:56:44.360747,2025-09-01 15:57:11.493,"Your posture analysis shows a strong initial tendency towards poor shoulder posture, followed by a sustained period of good posture.  It seems you started with your shoulders slumped, but quickly corrected this.  The most prominent issue was a period of poor shoulder tilt.

To maintain this positive trend, let's focus on strengthening your shoulder and upper back muscles. Try incorporating short, regular breaks (every 30 minutes) to stand up, stretch your arms overhead, and do some shoulder blade squeezes (pulling your shoulder blades together and holding for a few seconds).  Also, consider adding some simple exercises like rows or wall angels to your routine a few times a week to improve shoulder stability and posture.

Remember, even small adjustments can make a big difference.  If you continue to notice any shoulder discomfort or stiffness, consult a physical therapist or healthcare professional for personalized advice.  Consistency is key—keep up the good work!
"
57256a83-3e43-4943-94a0-b8039b748291,4bd6521f-4dc4-4a4f-bd8d-0cbb24653b76,2025-06-09 10:42:35.723+00,2025-06-09 10:42:51.657+00,ended,2025-06-09 10:42:35.775492,2025-06-09 10:42:51.657,
57b1f829-fca6-47a2-a263-f2839663ce99,b47ebe5a-5d46-427d-a738-ed0c1c5585ba,2025-07-02 04:03:08.503+00,2025-07-02 04:06:20.24+00,ended,2025-07-02 04:03:08.506593,2025-07-02 04:06:20.24,"1. Overall Session Score

Your posture session was mostly acceptable. While there were some periods of good posture, the presence of several fair posture instances indicates a need for improvement in maintaining optimal posture.

2. Deep Dive on Problem Metrics

Two metrics stand out:

Craniovertebral Angle (CVA): This measures the angle between your head and neck.  A poor CVA suggests your head is positioned too far forward, which occurred in approximately 15% of the session.  The pattern appears sporadic.  This matters because it can strain your neck muscles, leading to pain and fatigue, and potentially long-term neck problems.

Head Tilt: This measures the angle of your head relative to a vertical line.  A poor Head Tilt suggests your head is tilted to one side, which happened in about 5% of the session. This was also sporadic.  This can cause neck and shoulder muscle imbalances, leading to pain and discomfort.

3. Structured Solution Plan

a. Immediate Cues:  Check your posture now! Make sure your ears are aligned with your shoulders, and your head is level. Gently roll your shoulders back and down.

b. Workstation Tweaks:
- Chair Height: Adjust your chair so your feet are flat on the floor and your knees are bent at a 90-degree angle.
- Monitor Position: The top of your monitor should be at or slightly below eye level.  Use books or a monitor riser if needed.
- Keyboard Angle: Ensure your keyboard is positioned to avoid hunching.

c. Micro-Break & Exercise Routine:
Every 30 minutes:
- Neck stretches: Gently tilt your head side to side and forward and backward.
- Shoulder rolls: Roll your shoulders forward and backward 5 times.
- Chin tucks: Gently pull your chin back towards your neck, hold for a few seconds, and repeat.

4. Progress & Tracking Tips

Over the next week, aim to reduce the frequency of fair or poor posture instances by at least half. Use a posture app or set reminders on your phone to check your posture every 30 minutes.  Use the feedback from the app or reminders to make adjustments.

5. Motivational Close

You're doing great!  Consistent effort in improving your posture will lead to significant improvements in comfort and well-being.  Celebrate even the smallest victories along the way!
"
57f30455-82a6-4ce7-ae4a-7b15e8d91710,b4e2f64f-e6ec-4da8-aa61-9a2e30158fed,2025-06-24 00:37:16.578+00,2025-06-24 00:37:16.667+00,ended,2025-06-24 00:37:16.580951,2025-06-24 00:37:16.667,
5857f770-58c5-475f-b897-a2507d942c0c,4bd6521f-4dc4-4a4f-bd8d-0cbb24653b76,2025-06-09 10:27:54.741+00,2025-06-09 10:28:09.636+00,ended,2025-06-09 10:27:54.792988,2025-06-09 10:28:09.636,
58a63e76-2289-475c-89ba-d682a6d86819,13089f04-828f-4918-97fd-e5796ef04e77,2025-06-24 03:24:25.552+00,2025-06-24 03:24:26.915+00,ended,2025-06-24 03:24:25.554549,2025-06-24 03:24:26.915,
58e78b02-e776-4119-8012-4236b7266526,90341f70-0087-4628-a03e-c776221292af,2025-09-08 21:12:21.133+00,2025-09-08 21:13:00.629+00,ended,2025-09-08 21:12:21.138191,2025-09-08 21:13:00.629,
5966e431-27e3-410c-b4b2-81e525f3ba74,13089f04-828f-4918-97fd-e5796ef04e77,2025-06-24 03:24:22.758+00,2025-06-24 03:24:22.91+00,ended,2025-06-24 03:24:22.760024,2025-06-24 03:24:22.91,
5979e7c5-c1a3-4f0d-aaf9-c46284a1aac3,8b26061f-8ec8-488c-ac7a-f92820e140b7,2025-07-13 18:02:48.979+00,2025-07-13 18:03:23.871+00,ended,2025-07-13 18:02:48.982789,2025-07-13 18:03:23.871,"Your posture analysis shows a generally good posture baseline, with most 5-second intervals exhibiting good to fair neck and head position.  However, there's a noticeable dip in the middle of the session where your head posture slipped into a less-than-ideal position. This suggests that maintaining optimal head position might require more conscious effort throughout longer periods.

The most frequent area needing attention appears to be your head position. While not consistently poor, the single instance of suboptimal head posture indicates that focusing on maintaining a neutral head position could significantly improve your overall posture.

To address the occasional head forward position, try setting reminders to check your posture throughout the day.  Simple stretches focusing on neck and shoulder mobility can also help.  Consider using a small, lightweight posture reminder device or even just setting an alarm to remind you to consciously adjust your posture every 30 minutes.

Remember, even small, consistent adjustments can make a big difference over time.  Keep up the good work!
"
59c01b1c-5d37-4b65-8605-84a93cc70a01,90341f70-0087-4628-a03e-c776221292af,2025-07-12 08:32:25.336+00,2025-07-12 08:32:50.471+00,ended,2025-07-12 08:32:25.34073,2025-07-12 08:32:50.471,
59cea0b4-f5f3-4206-bb11-e8369bba8920,b4e2f64f-e6ec-4da8-aa61-9a2e30158fed,2025-06-24 00:37:16.601+00,2025-06-24 00:37:16.737+00,ended,2025-06-24 00:37:16.626512,2025-06-24 00:37:16.737,
5a4df49d-3d98-474c-ae0d-a46ac7b218d3,90341f70-0087-4628-a03e-c776221292af,2025-09-01 15:47:09.784+00,2025-09-01 15:47:26.021+00,ended,2025-09-01 15:47:09.799661,2025-09-01 15:47:26.021,
5a93e18c-a5cf-48ba-b148-b5ba1dd9ca73,13089f04-828f-4918-97fd-e5796ef04e77,2025-06-24 03:10:05.319+00,2025-06-24 03:10:05.463+00,ended,2025-06-24 03:10:05.322206,2025-06-24 03:10:05.463,
5ab2ef15-6c25-4423-a0b1-742ef7f04d93,4a1f9676-5ac9-44df-a201-e3322b0d55e8,2025-09-08 21:15:22.806+00,2025-09-08 21:17:12.758+00,ended,2025-09-08 21:15:22.8084,2025-09-08 21:17:12.758,
5b43c1bf-7838-4336-9b05-5337959ed1d9,bdb5df54-ce78-4b4a-aaa1-35360f33ca46,2025-08-25 12:28:49.561+00,2025-08-25 12:35:25.21+00,ended,2025-08-25 12:28:49.563844,2025-08-25 12:35:25.21,"Your posture analysis shows consistently good posture throughout the observed two-minute period.  This is excellent!  It indicates you're maintaining healthy alignment in your neck, shoulders, and back.  Keep up the great work!

There were no recurring postural problems identified during this session.  This suggests you're already practicing good posture habits effectively.

To maintain this excellent posture, I recommend continuing to be mindful of your body positioning throughout your day.  Regular short breaks to stretch and move around can help prevent stiffness and fatigue.  Perhaps try a simple neck roll or shoulder shrug every 30 minutes.

Remember, even with excellent posture, maintaining awareness and incorporating regular movement is key to long-term postural health.  Congratulations on your positive results!
"
5b4aec26-835d-4a89-9160-d9051c66dee2,dfef8c51-f869-4ead-874d-78d740bfa5d4,2025-06-24 00:37:42.36+00,2025-06-24 00:37:42.741+00,ended,2025-06-24 00:37:42.409889,2025-06-24 00:37:42.741,
5b4e6465-c548-485e-9e6c-56ae426c4874,b4e2f64f-e6ec-4da8-aa61-9a2e30158fed,2025-06-24 00:37:16.55+00,2025-06-24 00:37:16.67+00,ended,2025-06-24 00:37:16.555722,2025-06-24 00:37:16.67,
5b5691b7-9930-43ba-9585-85333f0bcd38,b4e2f64f-e6ec-4da8-aa61-9a2e30158fed,2025-06-24 00:37:16.607+00,2025-06-24 00:37:16.705+00,ended,2025-06-24 00:37:16.610469,2025-06-24 00:37:16.705,
5b6acb4b-3d43-4a19-9a3d-e6737018866d,dfef8c51-f869-4ead-874d-78d740bfa5d4,2025-06-24 00:37:41.028+00,2025-06-24 00:37:41.564+00,ended,2025-06-24 00:37:41.031216,2025-06-24 00:37:41.564,
5b72ea6a-d94e-4405-80f6-5a4f4f112151,90341f70-0087-4628-a03e-c776221292af,2025-07-12 01:44:25.111+00,2025-07-12 01:45:28.73+00,ended,2025-07-12 01:44:25.117926,2025-07-12 01:45:28.73,
5b9b895f-d5cd-4852-ae7e-1daaf9db3b1c,dfef8c51-f869-4ead-874d-78d740bfa5d4,2025-06-24 00:37:39.583+00,2025-06-24 00:37:39.719+00,ended,2025-06-24 00:37:39.586409,2025-06-24 00:37:39.719,
5ba8cc06-ead0-4c1f-9811-4e61999a7fbb,b4e2f64f-e6ec-4da8-aa61-9a2e30158fed,2025-06-24 00:37:16.906+00,2025-06-24 00:37:17.011+00,ended,2025-06-24 00:37:16.913816,2025-06-24 00:37:17.011,
5bb8d969-3aba-48ee-9c66-d69019370714,13089f04-828f-4918-97fd-e5796ef04e77,2025-06-24 03:45:08.114+00,2025-06-24 03:45:08.379+00,ended,2025-06-24 03:45:08.163648,2025-06-24 03:45:08.379,
5cb74a52-2951-49a7-a9b2-a78ee836b62f,dfef8c51-f869-4ead-874d-78d740bfa5d4,2025-06-24 00:37:43.902+00,2025-06-24 00:37:44.382+00,ended,2025-06-24 00:37:43.903709,2025-06-24 00:37:44.382,
5cbef8b7-0f2e-4bc4-9d56-b9b27a56b7a2,2517bd6a-ed5c-4c59-b53e-396ec87fbdf5,2025-09-02 17:08:18.912+00,2025-09-02 17:09:59.049+00,ended,2025-09-02 17:08:18.916887,2025-09-02 17:09:59.049,
5cd35d9c-ea38-45e0-9419-9c63126441b4,dfef8c51-f869-4ead-874d-78d740bfa5d4,2025-06-24 00:37:42.733+00,2025-06-24 00:37:43.285+00,ended,2025-06-24 00:37:42.734934,2025-06-24 00:37:43.285,
5cd8a5e6-557d-4b35-9b3f-1fe9704c0b33,b4e2f64f-e6ec-4da8-aa61-9a2e30158fed,2025-06-24 00:38:16.376+00,2025-06-24 00:38:16.593+00,ended,2025-06-24 00:38:16.378943,2025-06-24 00:38:16.594,
5cfc2856-7988-4599-99ea-74190be40b5d,90341f70-0087-4628-a03e-c776221292af,2025-07-12 04:20:30.732+00,2025-07-12 04:20:53.465+00,ended,2025-07-12 04:20:30.735494,2025-07-12 04:20:53.465,
5d16dcd2-3c6d-438d-8196-063b5e3ff07f,90341f70-0087-4628-a03e-c776221292af,2025-07-22 21:04:41.712+00,2025-07-22 21:06:08.676+00,ended,2025-07-22 21:04:41.713194,2025-07-22 21:06:08.676,"Your posture analysis shows consistently excellent posture throughout the monitored minute!  It's great to see such strong craniovertebral angle maintenance.  Keep up the fantastic work!  Maintaining this level of posture will contribute significantly to your overall well-being and reduce the risk of future back or neck problems.

There's nothing to improve upon based on this short session.  To maintain this excellent posture, consider continuing with whatever activities or practices you're currently employing.  Perhaps a short, mindful posture check every hour could help reinforce your good habits.

To further support your excellent posture, you might consider adding gentle stretching exercises for your neck and upper back a couple of times a week.  Even a few minutes can make a difference.  Remember, consistency is key!
"
5d1d9d6a-981f-4275-8d18-ed730fb1f833,c2127ddb-063c-458b-97ac-5f6c1b0daf30,2025-09-15 08:23:57.217+00,2025-09-15 08:24:43.484+00,ended,2025-09-15 08:23:57.219379,2025-09-15 08:24:43.484,
5d3e5e23-643a-49bb-a79f-c74b80631ba6,dfef8c51-f869-4ead-874d-78d740bfa5d4,2025-06-24 00:37:43.331+00,2025-06-24 00:37:43.877+00,ended,2025-06-24 00:37:43.3329,2025-06-24 00:37:43.877,
5d46fa43-250a-47c2-9d9f-4ec25634044a,90341f70-0087-4628-a03e-c776221292af,2025-07-06 05:11:37.874+00,2025-07-06 05:12:04.95+00,ended,2025-07-06 05:11:37.876208,2025-07-06 05:12:04.95,
5d47ed5b-7bd4-4351-901f-1831c020fdfe,8b26061f-8ec8-488c-ac7a-f92820e140b7,2025-07-13 18:08:54.705+00,2025-07-13 18:09:16.629+00,ended,2025-07-13 18:08:54.708021,2025-07-13 18:09:16.629,
5d8bdbe7-6bdd-4588-9a5a-82dfdc62b6c0,90341f70-0087-4628-a03e-c776221292af,2025-09-03 13:58:39.021+00,2025-09-03 13:59:00.159+00,ended,2025-09-03 13:58:39.026468,2025-09-03 13:59:00.159,
5db5204e-6f73-4866-8928-e9a6fe0d87b0,4bd6521f-4dc4-4a4f-bd8d-0cbb24653b76,2025-06-09 10:21:42.728+00,2025-06-09 10:21:59.17+00,ended,2025-06-09 10:21:42.73184,2025-06-09 10:21:59.17,
5ddc6fe9-759e-4eb8-887f-1c119969348b,dfef8c51-f869-4ead-874d-78d740bfa5d4,2025-06-24 00:37:41.032+00,2025-06-24 00:37:41.629+00,ended,2025-06-24 00:37:41.069041,2025-06-24 00:37:41.629,
5de0f93c-e4b1-4573-96f7-bb383df4a669,fddc0bc3-c46f-4502-81ff-ed4ccda0d0dc,2025-08-30 15:26:10.354+00,2025-08-30 15:26:11.318+00,ended,2025-08-30 15:26:10.355721,2025-08-30 15:26:11.318,
5df93475-7ec4-425f-8c1d-948547b77159,dfef8c51-f869-4ead-874d-78d740bfa5d4,2025-06-24 00:37:40.217+00,2025-06-24 00:37:40.333+00,ended,2025-06-24 00:37:40.220732,2025-06-24 00:37:40.333,
5e092071-31b3-40b7-9e1d-a1116ea7cea9,90341f70-0087-4628-a03e-c776221292af,2025-06-25 21:27:58.584+00,2025-06-25 21:28:04.928+00,ended,2025-06-25 21:27:58.586897,2025-06-25 21:28:04.928,
5e1d8d72-300f-42b6-a065-47292a885434,dfef8c51-f869-4ead-874d-78d740bfa5d4,2025-06-24 00:37:43.325+00,2025-06-24 00:37:43.904+00,ended,2025-06-24 00:37:43.329444,2025-06-24 00:37:43.904,
5e2bb5cc-60dc-4cd3-bb4a-645ce0270061,80a76c21-3ad3-42d6-b678-62ba407fa818,2025-07-14 13:39:09.917+00,2025-07-14 13:39:40.154+00,ended,2025-07-14 13:39:09.921287,2025-07-14 13:39:40.154,
5e7e5da1-c1cd-482c-ade2-14b1d91d67c4,8b26061f-8ec8-488c-ac7a-f92820e140b7,2025-07-13 09:02:50.278+00,2025-07-13 09:03:06.247+00,ended,2025-07-13 09:02:50.281033,2025-07-13 09:03:06.247,
5eac0054-ccbb-40e4-9e68-e24dbed1f11f,13089f04-828f-4918-97fd-e5796ef04e77,2025-06-24 03:10:04.534+00,2025-06-24 03:10:05.134+00,ended,2025-06-24 03:10:04.541264,2025-06-24 03:10:05.134,
5f120214-2889-456f-b4f4-4e7410c4dcc9,b4e2f64f-e6ec-4da8-aa61-9a2e30158fed,2025-06-24 00:38:37.664+00,2025-06-24 00:38:50.687+00,ended,2025-06-24 00:38:37.66514,2025-06-24 00:38:50.687,
5f1b7853-c21e-4ee3-986f-81ea8eacf28f,dfef8c51-f869-4ead-874d-78d740bfa5d4,2025-06-24 00:37:43.835+00,2025-06-24 00:37:44.394+00,ended,2025-06-24 00:37:43.837023,2025-06-24 00:37:44.394,
5f2f6733-d940-472a-a7e7-c987c4fe1dbd,b4e2f64f-e6ec-4da8-aa61-9a2e30158fed,2025-06-24 00:37:16.486+00,2025-06-24 00:37:16.575+00,ended,2025-06-24 00:37:16.488613,2025-06-24 00:37:16.575,
5f424041-a90b-40f7-af45-6022534df4b4,bdb5df54-ce78-4b4a-aaa1-35360f33ca46,2025-08-27 07:11:08.213+00,2025-08-27 07:27:55.859+00,ended,2025-08-27 07:11:08.215853,2025-08-27 07:27:55.859,"Your posture analysis shows consistently good posture throughout the monitored session!  That's fantastic news.  It seems you're maintaining excellent neck and head alignment, and your trunk angle is also consistently strong.  Keep up the great work!

There are no recurring postural problems or negative trends to address.  Maintaining this level of postural awareness is key to long-term comfort and health.

To further enhance your posture and prevent any future issues, consider incorporating short, regular movement breaks into your routine.  Even a few minutes of stretching or walking around every hour can make a big difference.  Also, ensure your workstation is ergonomically set up, with your monitor at eye level and your chair providing adequate support.

Continue to prioritize good posture!  Your consistent effort is clearly paying off.
"
5f4bacc8-44d6-4676-ac57-4fcb47ff93d2,dfef8c51-f869-4ead-874d-78d740bfa5d4,2025-06-24 00:37:43.775+00,2025-06-24 00:37:43.932+00,ended,2025-06-24 00:37:43.776904,2025-06-24 00:37:43.932,
5f731672-5bf7-4c9f-96b2-8bf3712667b0,90341f70-0087-4628-a03e-c776221292af,2025-09-08 22:06:27.993+00,2025-09-08 22:06:51.039+00,ended,2025-09-08 22:06:27.99286,2025-09-08 22:06:51.039,
5f84d325-b0e8-4158-b866-14870dab2a4e,90341f70-0087-4628-a03e-c776221292af,2025-09-15 08:27:10.619+00,2025-09-15 08:27:21.682+00,ended,2025-09-15 08:27:10.619924,2025-09-15 08:27:21.682,
5f8997ba-36ff-44d3-8dab-6141d0573a4e,cf22d157-d77e-4c46-b517-d8282e5d2502,2025-08-04 18:42:54.499+00,2025-08-04 18:45:27.132+00,ended,2025-08-04 18:42:54.501579,2025-08-04 18:45:27.132,
5f9ead5c-be01-4fe5-bd2b-3a36628df5e0,90341f70-0087-4628-a03e-c776221292af,2025-07-09 22:04:25.102+00,2025-07-09 22:04:52.264+00,ended,2025-07-09 22:04:25.106723,2025-07-09 22:04:52.264,
5fa4f81c-21d7-4eff-b2c1-d7ca4ec063d1,79ff3ffa-acb8-4f21-89c3-a04ccb1408a2,2025-06-16 20:00:43.987+00,2025-06-16 20:02:25.775+00,ended,2025-06-16 20:00:44.127211,2025-06-16 20:02:25.775,
5fc95ab5-dd72-40c1-84ef-eac7649dab41,dfef8c51-f869-4ead-874d-78d740bfa5d4,2025-06-24 00:37:42.735+00,2025-06-24 00:37:43.28+00,ended,2025-06-24 00:37:42.737136,2025-06-24 00:37:43.28,
5fdfaf33-071b-4a11-b715-2773640692b8,4bd6521f-4dc4-4a4f-bd8d-0cbb24653b76,2025-06-09 11:55:28.686+00,2025-06-09 11:56:09.873+00,ended,2025-06-09 11:55:28.691286,2025-06-09 11:56:09.873,
5ff6d286-1cef-4375-9fa1-e91e81fc5a25,13089f04-828f-4918-97fd-e5796ef04e77,2025-06-24 03:24:26.248+00,2025-06-24 03:24:27.563+00,ended,2025-06-24 03:24:26.250479,2025-06-24 03:24:27.563,
60372b96-64f9-4c7c-ae7a-d3357d7a285a,90341f70-0087-4628-a03e-c776221292af,2025-07-01 21:15:24.168+00,2025-07-01 21:15:34.404+00,ended,2025-07-01 21:15:24.1723,2025-07-01 21:15:34.404,
604f49b8-334f-499c-bb74-215c1097d603,dfef8c51-f869-4ead-874d-78d740bfa5d4,2025-06-24 00:37:43.366+00,2025-06-24 00:37:43.878+00,ended,2025-06-24 00:37:43.370131,2025-06-24 00:37:43.878,
6072bad2-918a-4a44-bf9e-199c5feeb4ad,dfef8c51-f869-4ead-874d-78d740bfa5d4,2025-06-24 00:26:24.819+00,2025-06-24 00:26:24.946+00,ended,2025-06-24 00:26:24.819053,2025-06-24 00:26:24.946,
60743a0d-07d7-45be-940b-5e1954282157,13089f04-828f-4918-97fd-e5796ef04e77,2025-06-24 04:04:07.757+00,2025-06-24 04:04:08.305+00,ended,2025-06-24 04:04:07.759471,2025-06-24 04:04:08.305,
60d6a404-c05c-4bfa-81d1-e7f5f31d54e0,b4e2f64f-e6ec-4da8-aa61-9a2e30158fed,2025-06-24 00:37:16.174+00,2025-06-24 00:37:16.292+00,ended,2025-06-24 00:37:16.175527,2025-06-24 00:37:16.292,
60e34b87-cb20-405e-a646-3e1c757eef7a,c6a5e946-e209-49f2-a451-23d302d07b9f,2025-07-01 22:06:14.578+00,2025-07-01 22:06:35.692+00,ended,2025-07-01 22:06:14.580535,2025-07-01 22:06:35.692,
60e7c713-7c1b-4b80-bf93-0e7d42c5fa1b,b4e2f64f-e6ec-4da8-aa61-9a2e30158fed,2025-06-24 00:37:16.792+00,2025-06-24 00:37:16.871+00,ended,2025-06-24 00:37:16.79364,2025-06-24 00:37:16.871,
60ebab50-3d52-42db-8e3c-5a7dccf8f1ed,79ff3ffa-acb8-4f21-89c3-a04ccb1408a2,2025-06-16 00:00:18.128+00,2025-06-16 00:01:17.172+00,ended,2025-06-16 00:00:18.139793,2025-06-16 00:01:17.172,
60eee494-d501-4ddf-be9f-d3399f5d061e,afcb35d6-1121-4767-81de-3696063b4837,2025-08-06 06:29:09.942+00,2025-08-06 09:09:07.465+00,ended,2025-08-06 06:29:09.942835,2025-08-06 09:09:07.465,
618b5bc7-2d60-4abd-90d4-17c6a94166b0,96639588-0c72-472a-b7cd-930476ae1051,2025-08-28 12:22:42.734+00,2025-08-28 12:22:49.491+00,ended,2025-08-28 12:22:42.739729,2025-08-28 12:22:49.491,
61b82265-90c2-4aa9-948b-16403f884a90,4bd6521f-4dc4-4a4f-bd8d-0cbb24653b76,2025-06-09 10:09:56.377+00,2025-06-09 10:10:14.578+00,ended,2025-06-09 10:09:56.417958,2025-06-09 10:10:14.578,
61b8f0f8-6aaa-46b4-8789-fafd96b5955d,2f4ac8c9-db1e-46bf-9764-65e75a20dadc,2025-10-05 12:10:30.301+00,2025-10-05 12:11:52.823+00,ended,2025-10-05 12:10:30.301384,2025-10-05 12:11:52.823,
61d4bc33-e841-419c-8e62-ba5b784558f7,b4e2f64f-e6ec-4da8-aa61-9a2e30158fed,2025-06-24 00:38:50.689+00,2025-06-24 00:38:57.247+00,ended,2025-06-24 00:38:50.691021,2025-06-24 00:38:57.247,
61e19aab-a54c-4a13-9b92-c1a459bb018e,90341f70-0087-4628-a03e-c776221292af,2025-08-26 07:15:52.063+00,2025-08-26 07:16:09.23+00,ended,2025-08-26 07:15:52.07416,2025-08-26 07:16:09.23,
62386ac9-e527-463a-9c3d-fa2fcb4f1b6c,dfef8c51-f869-4ead-874d-78d740bfa5d4,2025-06-24 23:14:14.457+00,2025-06-24 23:14:31.997+00,ended,2025-06-24 23:14:14.459819,2025-06-24 23:14:31.997,
6241b490-019d-4a33-9714-3fdc95ef1724,dfef8c51-f869-4ead-874d-78d740bfa5d4,2025-06-24 00:37:43.771+00,2025-06-24 00:37:43.907+00,ended,2025-06-24 00:37:43.773794,2025-06-24 00:37:43.907,
62f83406-b5a9-46c8-9456-55a05a7f84e5,6d5bd710-774f-4d25-b107-cb9e1e7f8ba6,2025-07-21 10:21:07.174+00,2025-07-21 10:22:06.83+00,ended,2025-07-21 10:21:07.176294,2025-07-21 10:22:06.83,"Your posture analysis shows a single instance of poor head forward posture.  While this is just one data point, it's a good starting point for focusing on maintaining a neutral head position.

Since this was an isolated incident, it's difficult to identify any recurring patterns or trends. However, even a single occurrence highlights the importance of being mindful of your head position.

To improve your head forward posture, try to consciously keep your ears aligned with your shoulders throughout your day.  Regular breaks to stretch your neck and shoulders, and ensuring your monitor is at eye level, can also make a big difference.

Remember, even small adjustments can significantly impact your posture over time.  Let's aim for better head alignment in your next session!
"
6300529a-77b8-458e-b2f8-4b5a89132e40,6b55160a-fac9-480c-b004-b976c9a2c0fb,2025-06-13 20:48:12.159+00,2025-06-13 20:48:32.308+00,ended,2025-06-13 20:48:12.162687,2025-06-13 20:48:32.308,
636bfaf9-a75b-4826-a3d5-569829ffa17b,bdb5df54-ce78-4b4a-aaa1-35360f33ca46,2025-08-26 07:38:55.781+00,2025-08-26 07:38:56.285+00,ended,2025-08-26 07:38:55.801774,2025-08-26 07:38:56.285,
637f5689-effa-480a-be99-6ee42b58ecc9,b4e2f64f-e6ec-4da8-aa61-9a2e30158fed,2025-06-24 00:37:17.511+00,2025-06-24 00:37:17.602+00,ended,2025-06-24 00:37:17.514783,2025-06-24 00:37:17.602,
63d69a00-81bf-4b43-be45-b461db583942,b4e2f64f-e6ec-4da8-aa61-9a2e30158fed,2025-06-24 00:37:16.192+00,2025-06-24 00:37:16.785+00,ended,2025-06-24 00:37:16.195265,2025-06-24 00:37:16.785,
649208ae-cc3f-4ef9-8192-01f7df96786a,90341f70-0087-4628-a03e-c776221292af,2025-07-23 21:45:24.18+00,2025-07-23 21:45:36.131+00,ended,2025-07-23 21:45:24.217486,2025-07-23 21:45:36.131,"Your posture analysis shows consistently good posture during the monitored period.  Excellent work maintaining a healthy neck and upper body position!  It seems you're already doing a great job.

To keep things that way, consider taking short, mindful breaks every 30 minutes to stretch your neck and shoulders. Even simple movements like gently tilting your head from side to side or rolling your shoulders can make a big difference.

Maintaining this excellent posture will help you avoid future aches and pains and promote overall well-being. Keep up the great work!
"
64e69f3c-ebe3-4f2a-afc3-311363e6b915,dfef8c51-f869-4ead-874d-78d740bfa5d4,2025-06-24 00:37:44.613+00,2025-06-24 00:37:45.095+00,ended,2025-06-24 00:37:44.616435,2025-06-24 00:37:45.095,
64e82576-b29f-4b24-a5f5-809b2fd45be6,90341f70-0087-4628-a03e-c776221292af,2025-09-10 15:19:50.087+00,2025-09-10 15:20:55.288+00,ended,2025-09-10 15:19:50.084419,2025-09-10 15:20:55.288,
651a9c61-095c-4242-afa7-3f0aa38cf0f9,13089f04-828f-4918-97fd-e5796ef04e77,2025-06-24 03:45:09.001+00,2025-06-24 03:45:09.318+00,ended,2025-06-24 03:45:09.003122,2025-06-24 03:45:09.318,
65302613-279f-4ef4-9b04-5b7db2d38e26,febb1cb0-6139-455f-b7eb-eeb9df13ffe3,2025-09-08 09:53:28.107+00,2025-09-08 09:55:54.01+00,ended,2025-09-08 09:53:28.109818,2025-09-08 09:55:54.01,
6536f64a-0f4d-4850-a376-cb6d24499240,13089f04-828f-4918-97fd-e5796ef04e77,2025-06-24 03:45:08.884+00,2025-06-24 03:45:09.183+00,ended,2025-06-24 03:45:08.885415,2025-06-24 03:45:09.183,
653ac31e-9074-4580-ab5f-9437f22a951e,dfef8c51-f869-4ead-874d-78d740bfa5d4,2025-06-24 00:37:45.02+00,2025-06-24 00:37:45.491+00,ended,2025-06-24 00:37:45.023128,2025-06-24 00:37:45.491,
658bbd9e-9fa8-413e-b982-1a1435c8c525,90341f70-0087-4628-a03e-c776221292af,2025-07-12 04:30:59.664+00,2025-07-12 04:33:08.078+00,ended,2025-07-12 04:30:59.667897,2025-07-12 04:33:08.078,
65aff5f1-1bcc-492f-ad9e-ca6c6b628d6b,6b6d496a-79f2-40f0-b1f4-11e616220efa,2025-09-20 07:50:56.048+00,2025-09-20 07:50:58.517+00,ended,2025-09-20 07:50:56.081963,2025-09-20 07:50:58.517,
6637c32b-e8ce-4694-9e20-76162702b4e3,dfef8c51-f869-4ead-874d-78d740bfa5d4,2025-06-24 00:37:43.838+00,2025-06-24 00:37:44.358+00,ended,2025-06-24 00:37:43.840899,2025-06-24 00:37:44.358,
665e20cd-5a26-442a-a136-68b8836bb471,a5794c51-2dbd-4523-829d-71e5139e7687,2025-07-10 23:02:42.731+00,2025-07-10 23:03:30.848+00,ended,2025-07-10 23:02:42.735926,2025-07-10 23:03:30.848,
668c99d0-d659-4aa6-aab9-db6cc80392f1,dfef8c51-f869-4ead-874d-78d740bfa5d4,2025-06-24 00:37:42.749+00,2025-06-24 00:37:43.278+00,ended,2025-06-24 00:37:42.751736,2025-06-24 00:37:43.278,
6715d8af-211e-4ee2-8533-f4e2f02db96b,3b9a2bfe-7247-4763-97c3-6f714b47a47f,2025-09-12 16:12:04.052+00,2025-09-12 16:12:25.897+00,ended,2025-09-12 16:12:04.048556,2025-09-12 16:12:25.897,
686714de-fd88-4bb8-9ba4-3222a7503dfd,4bd6521f-4dc4-4a4f-bd8d-0cbb24653b76,2025-06-09 12:47:03.798+00,2025-06-09 12:47:35.319+00,ended,2025-06-09 12:47:03.801278,2025-06-09 12:47:35.319,
686d318e-61ae-4225-8a7a-09b5ccc0bd65,a5794c51-2dbd-4523-829d-71e5139e7687,2025-07-10 21:40:01.364+00,2025-07-10 21:40:50.214+00,ended,2025-07-10 21:40:01.364851,2025-07-10 21:40:50.214,
68a601e0-909f-46fd-af2e-f4d832cf39c8,c6a5e946-e209-49f2-a451-23d302d07b9f,2025-07-01 22:07:42.188+00,2025-07-01 22:07:47.181+00,ended,2025-07-01 22:07:42.192512,2025-07-01 22:07:47.181,
68ba9616-20e7-4a00-9be4-e8d769014bdd,7bd12b83-aad3-4567-ae4b-0ff666d525ef,2025-08-17 00:51:35.493+00,2025-08-17 00:52:17.985+00,ended,2025-08-17 00:51:35.494585,2025-08-17 00:52:17.985,"Your posture analysis shows consistently good posture throughout the monitored minute.  This is excellent!  It indicates you're maintaining a healthy neck, trunk, and head position. Keep up the great work!

There are no specific problem areas to address based on this data.  To maintain this excellent posture, consider incorporating short, regular movement breaks into your routine.  Even simple stretches or a quick walk can help prevent stiffness and maintain good alignment.

To further support your healthy posture habits, you might find it beneficial to be mindful of your workstation setup.  Ensure your chair provides adequate lumbar support and that your monitor is positioned at eye level to prevent forward head posture.

Congratulations again on your excellent posture!  Continue practicing good posture habits and you'll reap the rewards of improved comfort and well-being.
"
68dd1b66-ac5a-40a3-8b5d-588728c22881,ca605e3d-176d-4c09-a35e-1e2a7ae01031,2025-07-23 21:26:05.889+00,2025-07-23 21:29:07.109+00,ended,2025-07-23 21:26:05.892773,2025-07-23 21:29:07.109,"Your posture analysis shows consistently good posture throughout the entire minute monitored.  This is excellent!  It indicates you're likely maintaining good habits and your body is well-aligned.  Keep up the great work!

There were no recurring postural problems identified during this session.  This suggests you are already effectively engaging in practices that support good posture.

To maintain this excellent posture, consider incorporating short, regular movement breaks into your routine.  Even a quick stretch or walk around can help prevent stiffness and maintain optimal alignment.  Continue to be mindful of your posture throughout the day, and you'll likely continue to see these positive results.
"
6970c8ff-1976-43d7-8d8a-3e8299c789b8,4bd6521f-4dc4-4a4f-bd8d-0cbb24653b76,2025-06-08 18:05:05.471+00,2025-06-08 18:05:05.751+00,ended,2025-06-08 18:05:05.474696,2025-06-08 18:05:05.751,
69793a45-a945-4b0c-bb9f-7bbf2d07bbdf,eecee24b-fa80-4311-94ff-5a13783480fd,2025-08-26 22:03:55.776+00,2025-08-26 22:05:37.938+00,ended,2025-08-26 22:03:55.856984,2025-08-26 22:05:37.938,
697a8103-865f-4ff3-9440-3dc90c6f63ae,b47ebe5a-5d46-427d-a738-ed0c1c5585ba,2025-06-24 23:39:31.748+00,2025-06-24 23:39:33.488+00,ended,2025-06-24 23:39:31.758841,2025-06-24 23:39:33.488,
69a918f6-86e0-4055-94e0-0bd5deee15f4,b06753b2-7692-449d-9c55-4f0e17d177fb,2025-07-26 17:17:05.221+00,2025-07-26 17:28:28.72+00,ended,2025-07-26 17:17:05.220918,2025-07-26 17:28:28.72,"Your posture analysis shows consistently good posture throughout the observed two-minute period.  This is excellent!  It indicates you're maintaining a healthy alignment of your neck, shoulders, and back.  Keep up the great work!

To maintain this positive trend, continue to be mindful of your posture.  Even with excellent current habits, regular movement and stretches can help prevent stiffness and fatigue.  Consider taking short breaks every 30-60 minutes to stand up, stretch your arms overhead, and gently rotate your neck and shoulders.

No specific areas of concern were highlighted in the data.  However, incorporating regular light exercise, such as yoga or walking, can further improve overall posture and body awareness.  These activities help strengthen core muscles, which play a crucial role in maintaining good posture.
"
6a2fba66-a905-41a3-9e59-6acd7200fb86,38b0636a-0edf-47d0-8939-383c8c6208ff,2025-09-04 09:57:42.086+00,2025-09-04 09:58:06.208+00,ended,2025-09-04 09:57:42.096419,2025-09-04 09:58:06.208,
6aa45ff5-bab1-4035-be90-b0f7752c4bba,b4e2f64f-e6ec-4da8-aa61-9a2e30158fed,2025-06-24 00:38:09.252+00,2025-06-24 00:38:16.154+00,ended,2025-06-24 00:38:09.267935,2025-06-24 00:38:16.154,
6ad046ab-3d78-4905-9fe5-c6261f7a0532,dfef8c51-f869-4ead-874d-78d740bfa5d4,2025-06-24 00:37:43.898+00,2025-06-24 00:37:44.435+00,ended,2025-06-24 00:37:43.929987,2025-06-24 00:37:44.435,
6b5a1eb0-273d-4152-b7f4-74833fe9f25c,dfef8c51-f869-4ead-874d-78d740bfa5d4,2025-06-24 00:37:43.25+00,2025-06-24 00:37:43.383+00,ended,2025-06-24 00:37:43.251177,2025-06-24 00:37:43.383,
6bc1bf18-d8df-43d2-94a4-9f41483ba2a5,90341f70-0087-4628-a03e-c776221292af,2025-07-13 08:13:34.252+00,2025-07-13 08:13:35.334+00,ended,2025-07-13 08:13:34.255693,2025-07-13 08:13:35.334,
6bec5cc0-bc4b-4b20-a3a4-088197eba75b,90341f70-0087-4628-a03e-c776221292af,2025-07-09 04:58:34.204+00,2025-07-09 04:59:02.469+00,ended,2025-07-09 04:58:34.207349,2025-07-09 04:59:02.469,
6c210f64-cf35-4d75-83e2-a55aeae153b8,a968b031-aa67-4473-8cc5-0b52da7e6dc5,2025-09-28 16:43:14.067+00,2025-09-28 17:17:56.567+00,ended,2025-09-28 16:43:14.068305,2025-09-28 17:17:56.567,
6c64ec79-cdc8-46d0-a5d9-ff595f55d19d,b4e2f64f-e6ec-4da8-aa61-9a2e30158fed,2025-06-24 00:37:16.285+00,2025-06-24 00:37:16.38+00,ended,2025-06-24 00:37:16.288001,2025-06-24 00:37:16.38,
6c87ac37-361e-4812-b770-6cd5431d8671,dfef8c51-f869-4ead-874d-78d740bfa5d4,2025-06-24 00:37:42.179+00,2025-06-24 00:37:42.871+00,ended,2025-06-24 00:37:42.20323,2025-06-24 00:37:42.871,
6c93cae3-bf49-4192-bcac-64e2a482269e,13089f04-828f-4918-97fd-e5796ef04e77,2025-06-24 03:34:31.639+00,2025-06-24 03:34:31.944+00,ended,2025-06-24 03:34:31.640323,2025-06-24 03:34:31.944,
6ca4ea43-2adb-4cdb-8373-da0c0cef0862,90341f70-0087-4628-a03e-c776221292af,2025-07-16 22:16:22.426+00,2025-07-16 22:16:46.055+00,ended,2025-07-16 22:16:22.429276,2025-07-16 22:16:46.055,"Your posture analysis shows consistently good posture throughout the monitored period.  This is excellent!  It seems you're maintaining a healthy neck and head position, and your trunk angle is also well-aligned.  Keep up the great work!

To maintain this positive trend, I recommend continuing your current practices.  Perhaps consider short, mindful posture checks throughout your day as a preventative measure.  Even a quick awareness check can help you catch any minor slouching before it becomes a habit.

There's nothing specific to address based on this data, but regular movement and stretching are always beneficial.  Consider incorporating short breaks with gentle neck and shoulder stretches into your routine.  This helps maintain flexibility and prevents stiffness.

Remember, even with excellent posture, regular mindful movement is key to long-term health and well-being.  Congratulations on your great posture!
"
6cccc6f1-c8dc-46ea-8371-62505b39a537,dfef8c51-f869-4ead-874d-78d740bfa5d4,2025-06-24 00:37:41.745+00,2025-06-24 00:37:42.207+00,ended,2025-06-24 00:37:41.747425,2025-06-24 00:37:42.207,
6cfe6d86-1e73-4987-854a-efe01551f061,dfef8c51-f869-4ead-874d-78d740bfa5d4,2025-06-24 00:37:43.305+00,2025-06-24 00:37:43.876+00,ended,2025-06-24 00:37:43.306113,2025-06-24 00:37:43.876,
6d163344-d74d-493c-9bc2-97a1d4159918,91f8fde3-a8e0-45f2-83b5-cdc6f414bca2,2025-07-07 05:51:31.41+00,2025-07-07 05:52:38.123+00,ended,2025-07-07 05:51:31.412586,2025-07-07 05:52:38.123,"Your posture analysis shows a tendency towards occasional slouching and forward head posture.  While there were periods of good posture,  the most frequent issues involved your head and neck position.  Specifically, we noticed a pattern of these issues appearing and then improving, suggesting you may be aware of your posture and make corrections, but they might not be lasting.

To help maintain better posture throughout the day, I suggest incorporating short, regular stretches to counteract the forward head posture.  Try gently tilting your head back and holding it for a few seconds, and also focusing on rolling your shoulders back and down to improve your upper back posture.  These simple exercises can be done at your desk every 30 minutes or so.

Additionally, consider your workstation setup.  Ensure your monitor is at eye level to reduce the need to crane your neck forward.  A supportive chair with good lumbar support can also make a big difference.

Remember, consistency is key! Even small changes in your posture habits can lead to significant improvements over time.  Keep up the good work of noticing and correcting your posture, and with a few focused adjustments, you’ll see even better results in future sessions.
"
6d1f5b29-e09f-4b03-854f-79001fe0fcfc,b4e2f64f-e6ec-4da8-aa61-9a2e30158fed,2025-06-24 00:38:09.054+00,2025-06-24 00:38:09.255+00,ended,2025-06-24 00:38:09.05536,2025-06-24 00:38:09.255,
6d213758-26ab-4ba6-b69e-822afd73a49f,90341f70-0087-4628-a03e-c776221292af,2025-09-12 15:02:29.292+00,2025-09-12 15:02:59.631+00,ended,2025-09-12 15:02:29.296117,2025-09-12 15:02:59.631,
6d2a9e9f-10ce-402a-a4f4-3384eda7bae5,ec9df34f-aa24-4a6f-8596-b11fd5b85001,2025-09-02 07:51:59.342+00,2025-09-02 07:52:24.797+00,ended,2025-09-02 07:51:59.346202,2025-09-02 07:52:24.797,
6d699920-1e29-4ab9-b11c-57177fef3161,e44dcea5-2b0c-4bcc-9150-c94b044fabf9,2025-07-17 11:59:41.251+00,2025-07-17 12:00:25.198+00,ended,2025-07-17 11:59:41.255468,2025-07-17 12:00:25.198,"Your posture analysis shows consistently good posture throughout the entire minute monitored.  This is excellent!  It suggests you're already maintaining a healthy posture, and that's fantastic news.  Keep up the great work!

To maintain this excellent posture, consider taking short, mindful breaks every 30-60 minutes to stretch your neck and back gently. Even simple stretches can help keep your muscles loose and prevent stiffness.

Since your posture was consistently good, there aren't any specific areas to target for improvement.  However, maintaining awareness of your posture throughout the day, whether sitting or standing, is key to long-term postural health.  Try to regularly check your posture and make small adjustments as needed.

Continue your excellent habits!  If you notice any changes in your posture in the future, don't hesitate to re-analyze your posture data.
"
6d6c0e77-bbc5-4b4a-9ab9-99d20c920ef7,bdb5df54-ce78-4b4a-aaa1-35360f33ca46,2025-08-26 08:16:23.421+00,2025-08-26 08:16:23.672+00,ended,2025-08-26 08:16:23.428816,2025-08-26 08:16:23.672,
6db3fb6e-3a74-4faa-894e-b78304392c59,90341f70-0087-4628-a03e-c776221292af,2025-09-01 15:47:54.549+00,2025-09-01 15:48:15.458+00,ended,2025-09-01 15:47:54.551323,2025-09-01 15:48:15.458,
6dc5f4fa-93cf-4b86-91af-e396ac2497ce,13089f04-828f-4918-97fd-e5796ef04e77,2025-06-24 03:34:30.643+00,2025-06-24 03:34:30.83+00,ended,2025-06-24 03:34:30.690607,2025-06-24 03:34:30.83,
6dcd26d9-b708-41ec-9bf1-8542f3045c11,dfef8c51-f869-4ead-874d-78d740bfa5d4,2025-06-24 00:37:43.247+00,2025-06-24 00:37:43.402+00,ended,2025-06-24 00:37:43.249336,2025-06-24 00:37:43.402,
6e29c165-2948-4b89-bc1b-38a7ed991c61,90341f70-0087-4628-a03e-c776221292af,2025-07-02 07:17:38.119+00,2025-07-02 07:19:10.86+00,ended,2025-07-02 07:17:38.121621,2025-07-02 07:19:10.86,"1. Overall Session Score

Your posture session was classified as acceptable. While there were some periods of good posture, a concerning number of minutes showed fair posture, indicating a need for improvement to prevent future strain.


2. Deep Dive on Problem Metrics

The metrics that need the most attention are neck angle, craniovertebral angle, and shoulder slope.

Neck angle refers to how straight your neck is. It's measured by the angle between your neck and your torso.  About 50% of your session had a fair neck angle. It seems to drift towards fair posture after a period of good posture.  Poor neck angle can lead to neck pain, stiffness, and headaches due to muscle strain.

Craniovertebral angle describes the alignment of your head and neck. It's measured using the angle between the base of your skull and the top of your neck.  About 40% of the session showed fair craniovertebral angle. This seems to happen in clusters.  Poor alignment here can put extra stress on your neck and upper back, contributing to long-term problems.

Shoulder slope measures how level your shoulders are. It's measured by the difference in height between your left and right shoulders. About 10% of the session showed fair shoulder slope. It appears as a single instance. Uneven shoulders can cause muscle imbalances, leading to neck and shoulder pain.


3. Structured Solution Plan

a. Immediate Cues:  Sit up straight, ensuring your ears are aligned with your shoulders, and your shoulders are relaxed and level.  Imagine a string gently pulling you up from the crown of your head.

b. Workstation Tweaks: Adjust your chair so your feet are flat on the floor, your knees are bent at a 90-degree angle, and your hips are slightly higher than your knees. Your monitor should be at eye level to avoid neck strain.  Ensure your keyboard is positioned to avoid reaching or hunching. Consider a footrest if needed.

c. Micro-Break & Exercise Routine: Every 30 minutes, do a 2-minute routine.  Include neck rotations (5 reps each direction), shoulder blade squeezes (10 reps), and chin tucks (10 reps) to target the problem areas.  After 1 hour, add a short walk.


4. Progress & Tracking Tips

Over the next week, aim to reduce the amount of time spent with fair or poor posture. Use a posture tracking app or a timer to remind yourself to take breaks and check your posture. Note how many times you correct your posture daily.

5. Motivational Close

You've already taken the first step towards better posture! By consistently implementing these tips, you'll see improvements, and your body will thank you for it. Celebrate every small win along the way!
"
6e5114e8-f3fa-43ba-a56e-0d8ad3d01368,dfef8c51-f869-4ead-874d-78d740bfa5d4,2025-06-24 00:37:41.667+00,2025-06-24 00:37:42.18+00,ended,2025-06-24 00:37:41.674531,2025-06-24 00:37:42.18,
6e6eb22f-8e67-465e-99ca-48bded213ba2,dfef8c51-f869-4ead-874d-78d740bfa5d4,2025-06-24 00:37:42.842+00,2025-06-24 00:37:43.311+00,ended,2025-06-24 00:37:42.84337,2025-06-24 00:37:43.311,
6e955d09-169d-478f-af29-c83ef597ba2c,42c02ad6-de37-47a7-ac6e-e5d9130e7d19,2025-07-28 11:06:47.388+00,2025-07-28 11:08:38.345+00,ended,2025-07-28 11:06:47.391359,2025-07-28 11:08:38.345,
6ec44a7c-ad44-42c5-b983-b48221bd0f8a,b47ebe5a-5d46-427d-a738-ed0c1c5585ba,2025-06-26 18:25:17.768+00,2025-06-26 18:25:19.232+00,ended,2025-06-26 18:25:17.779545,2025-06-26 18:25:19.232,
6eea9987-55b9-4a0f-9cb7-25759512d92a,b4e2f64f-e6ec-4da8-aa61-9a2e30158fed,2025-06-24 00:37:16.548+00,2025-06-24 00:37:16.63+00,ended,2025-06-24 00:37:16.550421,2025-06-24 00:37:16.63,
6eeb75bb-7a65-4f7f-8ca3-4c21688b8299,dfef8c51-f869-4ead-874d-78d740bfa5d4,2025-06-24 00:26:22.374+00,2025-06-24 00:26:22.545+00,ended,2025-06-24 00:26:22.38044,2025-06-24 00:26:22.545,
6f0dc019-d40d-45a0-a8fa-1c8d6e8e33cb,a5794c51-2dbd-4523-829d-71e5139e7687,2025-07-10 21:41:53.217+00,2025-07-10 21:42:17.634+00,ended,2025-07-10 21:41:53.220452,2025-07-10 21:42:17.634,
6f27a06e-754a-426c-9270-d08d463e050b,dfef8c51-f869-4ead-874d-78d740bfa5d4,2025-06-24 00:37:43.842+00,2025-06-24 00:37:44.359+00,ended,2025-06-24 00:37:43.843562,2025-06-24 00:37:44.359,
6f296b2c-e9c6-47a9-ac68-509dd90e6abc,b4e2f64f-e6ec-4da8-aa61-9a2e30158fed,2025-06-24 00:37:17.02+00,2025-06-24 00:37:17.14+00,ended,2025-06-24 00:37:17.023349,2025-06-24 00:37:17.14,
6f3a7d4c-6070-4156-b9a2-1c3d06e79a6d,965c04bb-67db-4ad8-b21c-37c2e75605f2,2025-07-31 11:49:25.216+00,2025-07-31 11:51:55.892+00,ended,2025-07-31 11:49:25.218836,2025-07-31 11:51:55.892,
6f40f7fb-9295-43a4-94c6-732485b087d5,ca605e3d-176d-4c09-a35e-1e2a7ae01031,2025-07-23 21:29:57.911+00,2025-07-23 21:31:08.627+00,ended,2025-07-23 21:29:57.914031,2025-07-23 21:31:08.627,
6f779d15-1c25-4058-8beb-e3b3cffd0c5e,13089f04-828f-4918-97fd-e5796ef04e77,2025-06-24 03:34:30.96+00,2025-06-24 03:34:31.188+00,ended,2025-06-24 03:34:30.962378,2025-06-24 03:34:31.188,
6f899e0f-1700-4566-9703-5171742ecfbf,b4e2f64f-e6ec-4da8-aa61-9a2e30158fed,2025-06-25 01:04:18.669+00,2025-06-25 01:04:50.532+00,ended,2025-06-25 01:04:18.671469,2025-06-25 01:04:50.532,
6fcf31ca-8da9-43c6-9cde-b9285067e3b2,90341f70-0087-4628-a03e-c776221292af,2025-07-12 04:16:28.785+00,2025-07-12 04:16:44.224+00,ended,2025-07-12 04:16:28.827112,2025-07-12 04:16:44.224,
6fda1d54-4901-44c8-a354-f5f71ee85872,90bbac9c-fbb1-4556-ada2-2e0e7972c9e5,2025-09-03 12:42:44.696+00,2025-09-03 12:43:19.452+00,ended,2025-09-03 12:42:44.698371,2025-09-03 12:43:19.452,
6ffa091f-9b43-4246-8aa1-33be6e6e2086,13089f04-828f-4918-97fd-e5796ef04e77,2025-06-24 04:04:08.479+00,2025-06-24 04:04:08.687+00,ended,2025-06-24 04:04:08.482985,2025-06-24 04:04:08.687,
70552034-3180-4862-9dea-169bafeaee9b,b4e2f64f-e6ec-4da8-aa61-9a2e30158fed,2025-06-24 00:37:17.14+00,2025-06-24 00:37:17.332+00,ended,2025-06-24 00:37:17.177271,2025-06-24 00:37:17.332,
7099309a-1dfa-4359-9057-bae0e7ce7217,4bd6521f-4dc4-4a4f-bd8d-0cbb24653b76,2025-06-07 00:27:17.975+00,2025-06-07 00:27:27.22+00,ended,2025-06-07 00:27:17.977737,2025-06-07 00:27:27.22,
70dd9dde-cdda-4135-b97d-702eb946633f,dfef8c51-f869-4ead-874d-78d740bfa5d4,2025-06-24 00:37:44.366+00,2025-06-24 00:37:44.987+00,ended,2025-06-24 00:37:44.368799,2025-06-24 00:37:44.987,
70e43627-fdd6-40d3-ac82-86d9f2421b85,90341f70-0087-4628-a03e-c776221292af,2025-08-25 19:10:06.787+00,2025-08-25 19:11:00.818+00,ended,2025-08-25 19:10:06.798904,2025-08-25 19:11:00.818,"Your posture analysis shows consistently good posture throughout the monitored period.  Excellent work maintaining a healthy neck and upper body position!  It seems you're already doing a great job of keeping your head and shoulders aligned correctly.

To maintain this excellent posture, continue focusing on your current techniques.  Remember to take regular short breaks to stretch and move around, even if it's just standing up and walking for a minute or two.  This helps prevent stiffness and fatigue that can lead to postural issues.

There's no need for specific adjustments based on this data; simply keep up the great work!  Maintaining this level of awareness is key to long-term postural health.  If you experience any changes in your posture or develop any discomfort, don't hesitate to re-evaluate and seek further guidance.
"
70f4039c-edda-4800-b36c-4e1ebc8eddbc,dfef8c51-f869-4ead-874d-78d740bfa5d4,2025-06-24 00:37:43.285+00,2025-06-24 00:37:43.836+00,ended,2025-06-24 00:37:43.28674,2025-06-24 00:37:43.836,
70fe9f63-c1e4-4ea0-98c8-c7d1074ec975,dfef8c51-f869-4ead-874d-78d740bfa5d4,2025-06-24 00:37:44.349+00,2025-06-24 00:37:44.967+00,ended,2025-06-24 00:37:44.350584,2025-06-24 00:37:44.967,
7174db4f-fe15-427f-a813-a65791f06450,a5794c51-2dbd-4523-829d-71e5139e7687,2025-07-10 23:24:15.569+00,2025-07-10 23:24:29.396+00,ended,2025-07-10 23:24:15.572619,2025-07-10 23:24:29.396,
71788882-d238-47c4-8f70-592b61f48b58,b4e2f64f-e6ec-4da8-aa61-9a2e30158fed,2025-06-24 00:38:08.784+00,2025-06-24 00:38:08.943+00,ended,2025-06-24 00:38:08.786996,2025-06-24 00:38:08.943,
7195d170-da45-4458-a65e-3a0d899bdd7b,dfef8c51-f869-4ead-874d-78d740bfa5d4,2025-06-24 00:37:43.872+00,2025-06-24 00:37:44.399+00,ended,2025-06-24 00:37:43.873576,2025-06-24 00:37:44.399,
719eb935-cda1-457e-bf41-5bc39c0945eb,dfef8c51-f869-4ead-874d-78d740bfa5d4,2025-06-24 00:37:43.879+00,2025-06-24 00:37:44.395+00,ended,2025-06-24 00:37:43.882733,2025-06-24 00:37:44.395,
71a16ebe-8a6a-4369-8735-afb3f723470d,504d57fa-98ee-4104-bcab-3a664d02d0db,2025-10-07 12:51:11.813+00,2025-10-07 12:56:45.796+00,ended,2025-10-07 12:51:11.821778,2025-10-07 12:56:45.796,
71ab3804-bfba-4e0a-a3c0-4a097aa91db3,90341f70-0087-4628-a03e-c776221292af,2025-09-04 11:40:09.996+00,2025-09-04 11:41:00.906+00,ended,2025-09-04 11:40:10.001008,2025-09-04 11:41:00.906,
71bf9ed1-7727-417b-b48e-2dc77ff9476b,90341f70-0087-4628-a03e-c776221292af,2025-09-04 11:51:11.317+00,2025-09-04 11:51:49.279+00,ended,2025-09-04 11:51:11.319959,2025-09-04 11:51:49.279,
71c55ed7-e552-4d9a-89b9-a4df3ec37466,dfef8c51-f869-4ead-874d-78d740bfa5d4,2025-06-24 00:37:43.318+00,2025-06-24 00:37:43.886+00,ended,2025-06-24 00:37:43.31964,2025-06-24 00:37:43.886,
71d7a143-1cee-46b1-a62c-66f79434bc93,dfef8c51-f869-4ead-874d-78d740bfa5d4,2025-06-24 00:37:42.194+00,2025-06-24 00:37:42.853+00,ended,2025-06-24 00:37:42.228823,2025-06-24 00:37:42.853,
7208961c-effe-4c7e-bd24-d02baa5176d5,afcb35d6-1121-4767-81de-3696063b4837,2025-07-18 16:50:15.134+00,2025-07-18 16:51:44.641+00,ended,2025-07-18 16:50:15.137047,2025-07-18 16:51:44.641,
720cf6ce-3784-4a01-b808-ff9fd95d45d5,a5794c51-2dbd-4523-829d-71e5139e7687,2025-07-10 20:50:19.131+00,2025-07-10 20:51:41.182+00,ended,2025-07-10 20:50:19.13459,2025-07-10 20:51:41.182,
72459167-02b8-404e-9def-bef35e15f108,13089f04-828f-4918-97fd-e5796ef04e77,2025-06-24 03:45:05.181+00,2025-06-24 03:45:05.61+00,ended,2025-06-24 03:45:05.24131,2025-06-24 03:45:05.61,
7284628a-126b-4b1c-a814-3747f170a363,dfef8c51-f869-4ead-874d-78d740bfa5d4,2025-06-24 00:37:43.893+00,2025-06-24 00:37:44.407+00,ended,2025-06-24 00:37:43.896587,2025-06-24 00:37:44.407,
72c2c697-d0a7-4d7d-8025-cc0f400426ea,b4e2f64f-e6ec-4da8-aa61-9a2e30158fed,2025-06-24 00:37:15.767+00,2025-06-24 00:37:15.866+00,ended,2025-06-24 00:37:15.769567,2025-06-24 00:37:15.866,
72d26655-b274-4666-8462-9c08c5acf0d9,90341f70-0087-4628-a03e-c776221292af,2025-08-18 13:10:31.598+00,2025-08-18 13:11:22.815+00,ended,2025-08-18 13:10:31.682474,2025-08-18 13:11:22.815,"Your posture analysis shows consistently good posture throughout the monitored session.  This is excellent!  It indicates you're maintaining a healthy neck, trunk, and head position.  Keep up the great work!

Maintaining this level of posture is key to long-term comfort and well-being.  To continue this positive trend, consider incorporating short, regular movement breaks into your routine, even if it's just standing up and stretching for a minute every hour.  This will help prevent stiffness and fatigue.

There's nothing to improve upon based on this data; you're doing fantastic!  However, to proactively maintain this healthy posture, remember to be mindful of your body's position throughout the day.  Consider using a chair with good lumbar support if you spend a lot of time seated.

Continue your excellent posture habits!  If you notice any changes in your posture in the future, feel free to re-analyze your data.
"
72d7bf52-8f86-4161-995f-4b7805dc8d3a,b4e2f64f-e6ec-4da8-aa61-9a2e30158fed,2025-06-24 00:37:16.943+00,2025-06-24 00:37:17.09+00,ended,2025-06-24 00:37:16.994009,2025-06-24 00:37:17.09,
72fb7dc7-8fb6-4769-a49e-c31256b21b7b,dfef8c51-f869-4ead-874d-78d740bfa5d4,2025-06-24 00:37:41.035+00,2025-06-24 00:37:41.56+00,ended,2025-06-24 00:37:41.037739,2025-06-24 00:37:41.56,
7307114f-c0ef-4595-9350-6beee6fa2ba9,b4e2f64f-e6ec-4da8-aa61-9a2e30158fed,2025-06-24 00:37:15.814+00,2025-06-24 00:37:15.919+00,ended,2025-06-24 00:37:15.816124,2025-06-24 00:37:15.919,
73419ff7-3191-458e-86d9-bca4711755a6,dfef8c51-f869-4ead-874d-78d740bfa5d4,2025-06-24 00:37:42.672+00,2025-06-24 00:37:43.228+00,ended,2025-06-24 00:37:42.673598,2025-06-24 00:37:43.228,
73d351cb-2d45-4fb0-aa8f-261cfb6b6c3f,6b55160a-fac9-480c-b004-b976c9a2c0fb,2025-06-12 03:38:59.382+00,2025-06-12 03:39:01.846+00,ended,2025-06-12 03:38:59.383031,2025-06-12 03:39:01.846,
74309b09-818b-4976-9492-79c76ba6661e,90341f70-0087-4628-a03e-c776221292af,2025-07-13 08:13:42.931+00,2025-07-13 08:13:59.664+00,ended,2025-07-13 08:13:42.93261,2025-07-13 08:13:59.664,
744b3315-29e3-4921-a035-9bc8a647a602,7a3f7ca0-9e0f-474f-aab6-34fc9a96f4a0,2025-09-08 18:36:29.351+00,2025-09-08 18:37:02.562+00,ended,2025-09-08 18:36:29.365897,2025-09-08 18:37:02.562,
745e8736-9f0b-456f-b892-df6cbc27fc9e,13089f04-828f-4918-97fd-e5796ef04e77,2025-06-24 03:24:23.235+00,2025-06-24 03:24:23.446+00,ended,2025-06-24 03:24:23.238432,2025-06-24 03:24:23.446,
749c2d26-9902-47d3-9725-10c21168d59f,dfef8c51-f869-4ead-874d-78d740bfa5d4,2025-06-24 00:37:42.164+00,2025-06-24 00:37:42.665+00,ended,2025-06-24 00:37:42.165864,2025-06-24 00:37:42.665,
74a0555f-1b8e-4c06-ae79-a301d6c35642,dfef8c51-f869-4ead-874d-78d740bfa5d4,2025-06-24 00:37:42.745+00,2025-06-24 00:37:43.365+00,ended,2025-06-24 00:37:42.747868,2025-06-24 00:37:43.365,
750f288b-0e88-4759-a7ad-aebba2162a35,90341f70-0087-4628-a03e-c776221292af,2025-09-08 20:48:00.897+00,2025-09-08 20:49:40.273+00,ended,2025-09-08 20:48:01.014628,2025-09-08 20:49:40.273,
7600ef3e-7dc3-4bae-883e-acbc7742d6b6,dfef8c51-f869-4ead-874d-78d740bfa5d4,2025-06-24 00:26:23.101+00,2025-06-24 00:26:23.307+00,ended,2025-06-24 00:26:23.141244,2025-06-24 00:26:23.307,
76011da7-c271-4ff1-be56-a771c4ac4268,b47ebe5a-5d46-427d-a738-ed0c1c5585ba,2025-06-26 18:24:39.146+00,2025-06-26 18:24:40.58+00,ended,2025-06-26 18:24:39.148646,2025-06-26 18:24:40.58,
7603d0a8-4590-470e-a36e-74213d47c9f1,dfef8c51-f869-4ead-874d-78d740bfa5d4,2025-06-24 00:37:41.1+00,2025-06-24 00:37:41.598+00,ended,2025-06-24 00:37:41.102288,2025-06-24 00:37:41.598,
76ad476a-4853-43d8-8347-ad21d606e9f4,90341f70-0087-4628-a03e-c776221292af,2025-09-01 15:13:25.777+00,2025-09-01 15:13:43.794+00,ended,2025-09-01 15:13:25.780656,2025-09-01 15:13:43.794,
76de2728-dcf7-4410-96e3-7fc4a368732e,b4e2f64f-e6ec-4da8-aa61-9a2e30158fed,2025-06-24 00:37:16.015+00,2025-06-24 00:37:16.112+00,ended,2025-06-24 00:37:16.016494,2025-06-24 00:37:16.112,
771787e5-3dd8-4e77-ad17-431735dbfd29,96639588-0c72-472a-b7cd-930476ae1051,2025-08-28 12:33:17.503+00,2025-08-28 12:46:14.176+00,ended,2025-08-28 12:33:17.507424,2025-08-28 12:46:14.176,
7745f3d5-de3f-4c4e-8fff-01ba2d781f1e,dfef8c51-f869-4ead-874d-78d740bfa5d4,2025-06-24 00:37:43.317+00,2025-06-24 00:37:43.879+00,ended,2025-06-24 00:37:43.321191,2025-06-24 00:37:43.879,
77c47555-8e4d-4680-8a1c-984fb8879265,dfef8c51-f869-4ead-874d-78d740bfa5d4,2025-06-24 00:37:43.906+00,2025-06-24 00:37:44.397+00,ended,2025-06-24 00:37:43.909076,2025-06-24 00:37:44.397,
77c9e0e2-7307-413c-8531-5dd6c11d1848,b4e2f64f-e6ec-4da8-aa61-9a2e30158fed,2025-06-24 00:37:16.637+00,2025-06-24 00:37:17.253+00,ended,2025-06-24 00:37:16.639345,2025-06-24 00:37:17.253,
77cc3d86-f01c-4ce1-812c-cf9f959ad539,13089f04-828f-4918-97fd-e5796ef04e77,2025-06-24 03:10:05.278+00,2025-06-24 03:10:05.426+00,ended,2025-06-24 03:10:05.286381,2025-06-24 03:10:05.426,
77dfcdee-e548-4a57-9a3a-34352ad1e9e0,b4e2f64f-e6ec-4da8-aa61-9a2e30158fed,2025-06-24 00:37:17.381+00,2025-06-24 00:37:17.531+00,ended,2025-06-24 00:37:17.44092,2025-06-24 00:37:17.531,
787f3707-c291-4803-b233-8278a0f9bd26,90341f70-0087-4628-a03e-c776221292af,2025-07-12 04:33:26.152+00,2025-07-12 04:33:49.807+00,ended,2025-07-12 04:33:26.156521,2025-07-12 04:33:49.807,
78d3c369-4e67-4537-b5f5-acbf8d8b9600,dfef8c51-f869-4ead-874d-78d740bfa5d4,2025-06-24 00:37:43.446+00,2025-06-24 00:37:43.917+00,ended,2025-06-24 00:37:43.486399,2025-06-24 00:37:43.917,
79010916-0441-4378-a8b0-6a10532f90e6,ff85f26f-ec26-4eec-b58f-39277f2cfa5f,2025-08-27 15:04:35.129+00,2025-08-27 15:04:55.004+00,ended,2025-08-27 15:04:35.132736,2025-08-27 15:04:55.004,"Your posture analysis shows consistently good posture throughout the monitored period.  This is excellent!  It suggests you're already maintaining healthy habits.

To keep up this great work, consider incorporating short, regular movement breaks into your routine.  Even a quick stretch every 30 minutes can help maintain muscle flexibility and prevent stiffness.  Focus on simple neck and shoulder stretches to help keep those areas feeling their best.

Maintaining this level of posture is key to long-term health and well-being.  Keep up the fantastic work!  There's nothing to improve upon at this time.
"
79029a78-f5f1-471c-b545-9bb77df5feca,4cb98d81-ec1f-46b1-b606-cbe46fb3d717,2025-09-03 15:48:10.621+00,2025-09-03 15:48:30.531+00,ended,2025-09-03 15:48:10.623137,2025-09-03 15:48:30.531,"Your posture analysis shows a tendency towards poor neck bend and head-neck angle during the monitored period.  Specifically, we observed a recurring pattern of less-than-ideal neck posture within the first minute.  While there wasn't a consistent degradation or improvement, the initial moments showed a need for better neck positioning.

To improve, try incorporating short, regular breaks every 20-30 minutes to stand up, stretch, and move around.  This will help counteract the effects of prolonged sitting.  Focus on gentle neck stretches, such as tilting your head from side to side and slowly rotating it, holding each position for 15-20 seconds.  Also, be mindful of your posture throughout the day; try sitting upright with your shoulders relaxed and your chin parallel to the floor.

Strengthening your neck and upper back muscles can significantly improve your neck posture.  Try chin tucks (gently pulling your chin back towards your neck) and shoulder blade squeezes (squeezing your shoulder blades together and holding for a few seconds).  These simple exercises, performed regularly, can make a big difference.

Remember, consistency is key!  Even small changes in your posture habits can lead to significant improvements over time.  If you continue to experience discomfort or notice persistent issues, it's always a good idea to consult a healthcare professional.
"
791e70a6-ded8-4193-b4d7-a5cbb2c26786,13089f04-828f-4918-97fd-e5796ef04e77,2025-06-24 04:04:07.441+00,2025-06-24 04:04:07.584+00,ended,2025-06-24 04:04:07.451256,2025-06-24 04:04:07.584,
79248696-d291-4220-8180-a530505eeb15,dfef8c51-f869-4ead-874d-78d740bfa5d4,2025-06-24 00:37:45.074+00,2025-06-24 00:37:45.589+00,ended,2025-06-24 00:37:45.075849,2025-06-24 00:37:45.589,
7938555c-ca36-4d3f-a74e-6ef0182d6093,13089f04-828f-4918-97fd-e5796ef04e77,2025-06-24 03:10:05.441+00,2025-06-24 03:10:05.678+00,ended,2025-06-24 03:10:05.488343,2025-06-24 03:10:05.678,
7980a221-404e-4610-b16b-ae691f9f27a0,4bd6521f-4dc4-4a4f-bd8d-0cbb24653b76,2025-06-07 00:24:18.724+00,2025-06-07 00:24:29.704+00,ended,2025-06-07 00:24:18.728405,2025-06-07 00:24:29.704,
798882fa-8396-4896-afc0-1f78cc27e8c6,73938adc-37b6-4656-97eb-d97f5f31c2a2,2025-09-15 21:55:46.041+00,2025-09-15 21:58:01.942+00,ended,2025-09-15 21:55:46.043384,2025-09-15 21:58:01.942,
79a19dd5-c963-4b49-affd-9dcec3318ac8,b4e2f64f-e6ec-4da8-aa61-9a2e30158fed,2025-06-24 00:37:17.68+00,2025-06-24 00:37:17.781+00,ended,2025-06-24 00:37:17.682066,2025-06-24 00:37:17.781,
79c075e1-d5bd-472a-96c8-98d9ab6ea331,90341f70-0087-4628-a03e-c776221292af,2025-07-30 20:49:40.352+00,2025-07-30 20:50:26.211+00,ended,2025-07-30 20:49:40.359055,2025-07-30 20:50:26.211,"Your posture analysis shows consistently good posture throughout the entire minute-long session!  It's fantastic to see such excellent maintenance of your neck, trunk, and head position.  Keep up the great work!

There's no need for specific adjustments at this time, as your posture metrics remained consistently strong.  However, to maintain this excellent form, it's always a good idea to take short, regular breaks to stretch and move around, even if you feel you're sitting perfectly.

Consider incorporating short stretches every 30 minutes to maintain flexibility.  Simple neck rotations and shoulder rolls can help prevent stiffness and maintain optimal posture.  Even a quick walk around the room can make a difference!

Continue prioritizing good posture, and remember that even with excellent posture, regular movement and stretching are key for long-term comfort and well-being.  Well done!
"
79da98f4-dd0e-4cfe-8984-331a4559cdad,90341f70-0087-4628-a03e-c776221292af,2025-09-12 09:56:16.169+00,2025-09-12 09:57:19.882+00,ended,2025-09-12 09:56:16.17051,2025-09-12 09:57:19.882,
79eeea5d-538f-4884-bb50-e49e847442d1,b4e2f64f-e6ec-4da8-aa61-9a2e30158fed,2025-06-24 00:38:16.032+00,2025-06-24 00:38:16.302+00,ended,2025-06-24 00:38:16.052263,2025-06-24 00:38:16.302,
7a2bfc54-a030-4bec-85c0-913a7758e713,90341f70-0087-4628-a03e-c776221292af,2025-09-29 17:20:39.666+00,,active,2025-09-29 17:20:39.665235,2025-09-29 17:20:39.665235,
7a749b04-06cd-45b8-b85c-2325b14f8288,cf36e5d2-1ef0-494e-8818-6681cc989d53,2025-09-08 09:45:29.341+00,2025-09-08 09:47:29.326+00,ended,2025-09-08 09:45:29.343052,2025-09-08 09:47:29.326,
7a81f26b-2888-491e-9f6b-13c51798b67c,c946261b-7a4b-47f7-a8fd-cc6b4d3bbf1a,2025-08-23 20:54:10.803+00,2025-08-23 20:54:31.678+00,ended,2025-08-23 20:54:10.803411,2025-08-23 20:54:31.678,
7aef90ad-6636-4285-b996-45805c54ca75,4bd6521f-4dc4-4a4f-bd8d-0cbb24653b76,2025-06-08 17:53:20.492+00,2025-06-08 17:53:35.936+00,ended,2025-06-08 17:53:20.495229,2025-06-08 17:53:35.936,
7b2a6d89-196f-48d0-968d-9d46ef9481fa,13089f04-828f-4918-97fd-e5796ef04e77,2025-06-24 03:24:23.949+00,2025-06-24 03:24:24.98+00,ended,2025-06-24 03:24:23.951368,2025-06-24 03:24:24.98,
7b42efd3-0c8c-4aa0-a8ef-116730bcd2d1,90341f70-0087-4628-a03e-c776221292af,2025-09-04 12:56:09.066+00,2025-09-04 12:56:53.249+00,ended,2025-09-04 12:56:09.071745,2025-09-04 12:56:53.249,
7b7c71f4-cd90-48ec-86b5-ce762b8ceb94,dfef8c51-f869-4ead-874d-78d740bfa5d4,2025-06-24 00:37:41.046+00,2025-06-24 00:37:41.552+00,ended,2025-06-24 00:37:41.048132,2025-06-24 00:37:41.552,
7c367c3c-57d4-4473-b48e-166fa853d440,dfef8c51-f869-4ead-874d-78d740bfa5d4,2025-06-24 00:26:24.887+00,2025-06-24 00:26:25.05+00,ended,2025-06-24 00:26:24.887237,2025-06-24 00:26:25.05,
7c5dc8ae-a8c2-417b-90ef-0dbe9626b738,dfef8c51-f869-4ead-874d-78d740bfa5d4,2025-06-24 00:37:44.415+00,2025-06-24 00:37:45.022+00,ended,2025-06-24 00:37:44.416793,2025-06-24 00:37:45.022,
7c9a2a2b-4f15-4d5e-8d14-a56f2a7e630d,dfef8c51-f869-4ead-874d-78d740bfa5d4,2025-06-24 00:26:23.079+00,2025-06-24 00:26:23.229+00,ended,2025-06-24 00:26:23.079989,2025-06-24 00:26:23.229,
7ca939e7-8b30-4707-9d1e-595ec3d32490,90341f70-0087-4628-a03e-c776221292af,2025-08-26 08:40:22.079+00,2025-08-26 08:40:40.981+00,ended,2025-08-26 08:40:22.085752,2025-08-26 08:40:40.981,"Your posture analysis shows consistently good posture during the observed minute.  This is excellent!  It suggests you're already maintaining a healthy posture.

To keep up this great work, try to maintain awareness of your posture throughout your day.  Even with excellent posture, brief stretches or adjustments can help prevent stiffness and fatigue.  Consider taking short, mindful breaks every 30 minutes to stand up, stretch your neck and shoulders, or simply adjust your seated position.

No specific areas of concern were identified in this short session.  If you wish to maintain this positive trend, consider incorporating regular light exercise or yoga to improve overall strength and flexibility, which can further enhance your posture.  Keep up the great work!
"
7cd4a0c5-6748-4c75-a768-edfa95212113,dfef8c51-f869-4ead-874d-78d740bfa5d4,2025-06-24 00:37:45.029+00,2025-06-24 00:37:45.531+00,ended,2025-06-24 00:37:45.030967,2025-06-24 00:37:45.531,
7d1da71f-2cd2-41ab-852e-68e5498cb992,b47ebe5a-5d46-427d-a738-ed0c1c5585ba,2025-06-26 18:24:28.747+00,2025-06-26 18:24:30.132+00,ended,2025-06-26 18:24:28.75,2025-06-26 18:24:30.132,
7d588d19-7f6b-4fbe-8e61-081374299a85,62ab043d-9a88-4fd9-9e93-339d23bc47f3,2025-06-28 23:19:16.498+00,2025-06-28 23:56:03.47+00,ended,2025-06-28 23:19:16.531771,2025-06-28 23:56:03.47,
7d5b9bd6-4841-427d-9a43-eefceb005970,4bd6521f-4dc4-4a4f-bd8d-0cbb24653b76,2025-06-07 20:28:16.287+00,2025-06-07 20:28:37.566+00,ended,2025-06-07 20:28:16.333667,2025-06-07 20:28:37.566,
7de78d32-7a76-4b01-bbb5-a0a442cf29cf,dfef8c51-f869-4ead-874d-78d740bfa5d4,2025-06-24 00:37:43.243+00,2025-06-24 00:37:43.371+00,ended,2025-06-24 00:37:43.246935,2025-06-24 00:37:43.371,
7e1f11bd-a1af-4c7d-88c4-2ca4b6295e65,dfef8c51-f869-4ead-874d-78d740bfa5d4,2025-06-24 00:37:43.975+00,2025-06-24 00:37:44.43+00,ended,2025-06-24 00:37:43.976653,2025-06-24 00:37:44.43,
7e4507a7-5439-4127-9734-683696ea20aa,dfef8c51-f869-4ead-874d-78d740bfa5d4,2025-06-24 00:37:43.351+00,2025-06-24 00:37:43.917+00,ended,2025-06-24 00:37:43.354258,2025-06-24 00:37:43.917,
7e50c1b1-f5d6-45f1-b492-e8b352ed7003,d839845e-90ef-4f0b-9977-889e4244fa66,2025-10-09 19:57:25.416+00,2025-10-09 20:00:04.108+00,ended,2025-10-09 19:57:25.420396,2025-10-09 20:00:04.108,
7e8adcd2-4976-4d9b-8b7c-b5c137bf9b4d,05ebc568-216a-4af1-a6b5-fec1872024c0,2025-09-15 21:35:23.02+00,2025-09-15 21:35:28.873+00,ended,2025-09-15 21:35:23.023121,2025-09-15 21:35:28.873,
7ea631c5-dda3-488c-b2be-aee73b5a4c5c,90341f70-0087-4628-a03e-c776221292af,2025-06-28 23:58:36.308+00,2025-06-28 23:58:46.732+00,ended,2025-06-28 23:58:36.310007,2025-06-28 23:58:46.732,
7eda26e1-3927-4cb6-a890-c8790238c8e3,90341f70-0087-4628-a03e-c776221292af,2025-10-08 22:58:21.232+00,2025-10-08 22:58:39.119+00,ended,2025-10-08 22:58:21.234343,2025-10-08 22:58:39.119,
7eeed500-b46c-46a2-9ef1-07617fced6ed,e67cfe81-4234-4977-ba32-379076cc5353,2025-07-06 21:31:00.826+00,2025-07-06 21:34:45.411+00,ended,2025-07-06 21:31:00.828088,2025-07-06 21:34:45.411,"Your posture analysis shows a recurring tendency towards forward head posture and poor neck angle.  Specifically, these issues appeared frequently throughout the observation period.  While there were some brief periods of better posture, the overall trend indicates a need for improvement in these areas.

It seems like your posture tends to degrade over time during the session.  This suggests that maintaining good posture might require conscious effort and regular breaks.

To address the forward head posture, try focusing on keeping your ears aligned with your shoulders.  Regularly check your posture and gently bring your head back to a neutral position.  For neck angle improvement, consider incorporating gentle neck stretches and strengthening exercises throughout your day.  Even short, frequent breaks to consciously adjust your posture can make a big difference.

Remember, improving posture is a journey, not a race.  Start with small, manageable changes, and celebrate your progress along the way.  Consistency is key!
"
7f006bee-b470-4af0-be83-18bab8dea670,4bd6521f-4dc4-4a4f-bd8d-0cbb24653b76,2025-06-09 10:35:41.999+00,2025-06-09 10:37:14.23+00,ended,2025-06-09 10:35:42.003736,2025-06-09 10:37:14.23,
7f0824e0-0cda-46a5-b150-f33189ac3c5d,b4e2f64f-e6ec-4da8-aa61-9a2e30158fed,2025-06-24 00:38:16.632+00,2025-06-24 00:38:23.717+00,ended,2025-06-24 00:38:16.633618,2025-06-24 00:38:23.717,
7f12ad46-235a-400a-96ea-03aa0bfa2c71,90341f70-0087-4628-a03e-c776221292af,2025-08-25 20:22:23.385+00,2025-08-25 20:22:44.606+00,ended,2025-08-25 20:22:23.847841,2025-08-25 20:22:44.606,
7f255e07-776c-4551-83b6-91a479389998,dfef8c51-f869-4ead-874d-78d740bfa5d4,2025-06-24 00:37:44.033+00,2025-06-24 00:37:44.43+00,ended,2025-06-24 00:37:44.079229,2025-06-24 00:37:44.43,
7f559bfa-21d7-4ddf-bffb-3ade2b685fba,afcb35d6-1121-4767-81de-3696063b4837,2025-08-28 20:36:58.557+00,2025-08-28 20:37:08.39+00,ended,2025-08-28 20:36:58.554174,2025-08-28 20:37:08.39,
7f5e7170-63ce-4181-9a29-148d7887fa1d,b4e2f64f-e6ec-4da8-aa61-9a2e30158fed,2025-06-24 00:38:08.969+00,2025-06-24 00:38:09.236+00,ended,2025-06-24 00:38:08.972998,2025-06-24 00:38:09.236,
7f782680-2db4-4889-8c65-f2e08d7c94db,4bd6521f-4dc4-4a4f-bd8d-0cbb24653b76,2025-06-08 22:16:06.604+00,2025-06-08 22:16:07.013+00,ended,2025-06-08 22:16:06.604497,2025-06-08 22:16:07.013,
7fae04d1-080e-4803-ae8b-6085bb0e1959,b47ebe5a-5d46-427d-a738-ed0c1c5585ba,2025-06-26 18:25:08.471+00,2025-06-26 18:25:11.193+00,ended,2025-06-26 18:25:08.472152,2025-06-26 18:25:11.193,
7fb46778-6d76-4988-9dd3-e0491ddc0064,6b55160a-fac9-480c-b004-b976c9a2c0fb,2025-06-14 15:55:52.265+00,2025-06-14 15:56:15.933+00,ended,2025-06-14 15:55:52.269104,2025-06-14 15:56:15.933,
7fdf3f1a-1436-462a-a6d7-66dccea090c2,dfef8c51-f869-4ead-874d-78d740bfa5d4,2025-06-24 00:37:44.484+00,2025-06-24 00:37:45.043+00,ended,2025-06-24 00:37:44.485054,2025-06-24 00:37:45.043,
7ff246f6-5e45-49fd-8301-9362160509fa,6b55160a-fac9-480c-b004-b976c9a2c0fb,2025-06-10 20:15:33.109+00,2025-06-10 20:18:00.646+00,ended,2025-06-10 20:15:33.136082,2025-06-10 20:18:00.646,"1. Overall Session Score

Your posture session was classified as acceptable. While there were some periods of good posture, the presence of several instances of fair posture indicates a need for improvement to minimize strain and promote long-term health.


2. Deep Dive on Problem Metrics

Two metrics require attention:

Craniovertebral Angle (CVA): This measures the angle between your head and neck.  It was fair for approximately 33% of the session.  It appears to fluctuate rather than show a consistent pattern. Poor CVA can lead to neck pain, headaches, and upper back discomfort.

Neck Angle: This measures the angle of your neck. It was fair for roughly 17% of the session and showed no clear pattern.  Similar to CVA, poor neck angle contributes to neck pain and stiffness.


3. Structured Solution Plan

a. Immediate Cues:  Try to consciously keep your chin parallel to the floor, avoid hunching your shoulders, and sit tall, engaging your core.

b. Workstation Tweaks:
    - Chair height: Adjust so your feet are flat on the floor, and your thighs are parallel to the ground.
    - Monitor position: The top of your screen should be at or slightly below eye level.  Use books or a monitor stand if needed.
    - Keyboard angle: Ensure it's comfortably angled to avoid wrist strain.
    - Foot support: Use a footrest if your feet don't comfortably reach the floor.

c. Micro-Break & Exercise Routine: Every 30 minutes, take a 2-minute break. Include:
    - Neck stretches: Gently tilt your head side to side and then forward and backward.
    - Shoulder rolls: Roll your shoulders forward and backward.
    - Chin tucks: Gently pull your chin backward, holding for a few seconds.

4. Progress & Tracking Tips

Over the next week, aim to reduce the instances of fair posture by half. Use a simple checklist to track your posture throughout the day.  Consider using a posture-tracking app to provide feedback.

5. Motivational Close

You've already taken the important first step!  By consistently implementing these strategies, you'll see improvements in your posture and reduce the risk of discomfort. Celebrate your progress along the way—even small improvements are a big win!
"
7ffc47f8-df28-4af7-a5db-afbd9e84a4d2,6b55160a-fac9-480c-b004-b976c9a2c0fb,2025-06-15 20:19:59.764+00,2025-06-15 20:20:35.337+00,ended,2025-06-15 20:19:59.765169,2025-06-15 20:20:35.337,
800b39c7-1fae-4d58-b04e-a8870cc2434e,dfef8c51-f869-4ead-874d-78d740bfa5d4,2025-06-24 00:37:44.429+00,2025-06-24 00:37:45.033+00,ended,2025-06-24 00:37:44.430749,2025-06-24 00:37:45.033,
8013e195-aa71-43d3-8910-e504b927ec21,dfef8c51-f869-4ead-874d-78d740bfa5d4,2025-06-24 00:37:43.838+00,2025-06-24 00:37:44.358+00,ended,2025-06-24 00:37:43.842073,2025-06-24 00:37:44.358,
801a2ef2-95f7-4685-8b03-319d0eb36acb,dfef8c51-f869-4ead-874d-78d740bfa5d4,2025-06-24 00:37:40.206+00,2025-06-24 00:37:40.339+00,ended,2025-06-24 00:37:40.207622,2025-06-24 00:37:40.339,
80283e95-8620-4f32-850e-d4115670cdad,90341f70-0087-4628-a03e-c776221292af,2025-07-01 01:18:51.022+00,2025-07-01 01:19:10.658+00,ended,2025-07-01 01:18:51.051101,2025-07-01 01:19:10.658,
806086f7-84e7-4da8-8104-65906fc68fa6,dfef8c51-f869-4ead-874d-78d740bfa5d4,2025-06-24 00:37:42.316+00,2025-06-24 00:37:42.754+00,ended,2025-06-24 00:37:42.361542,2025-06-24 00:37:42.754,
809277ef-7dae-4226-82e9-44a2610b6f73,90341f70-0087-4628-a03e-c776221292af,2025-09-04 12:07:42.87+00,2025-09-04 12:08:13.056+00,ended,2025-09-04 12:07:42.872396,2025-09-04 12:08:13.056,
80db8c01-c537-4a8a-8646-19ce6a013471,b4e2f64f-e6ec-4da8-aa61-9a2e30158fed,2025-06-24 00:37:17.298+00,2025-06-24 00:37:17.438+00,ended,2025-06-24 00:37:17.300517,2025-06-24 00:37:17.438,
80dd278d-ceb8-4ec2-9974-1b61ee1c56fc,4bd6521f-4dc4-4a4f-bd8d-0cbb24653b76,2025-06-08 18:05:05.481+00,2025-06-08 18:05:05.899+00,ended,2025-06-08 18:05:05.483848,2025-06-08 18:05:05.899,
80e9a261-9799-422e-9708-3f592fd18053,dfef8c51-f869-4ead-874d-78d740bfa5d4,2025-06-24 00:37:39.66+00,2025-06-24 00:37:39.786+00,ended,2025-06-24 00:37:39.662531,2025-06-24 00:37:39.786,
812b6043-5bb1-47fd-afde-5dc7c3172f18,90341f70-0087-4628-a03e-c776221292af,2025-08-26 08:15:07.327+00,2025-08-26 08:15:23.941+00,ended,2025-08-26 08:15:07.3345,2025-08-26 08:15:23.941,"Your posture analysis shows consistently good posture during the observed minute.  This is excellent!  It suggests you're already maintaining good habits.

To keep up this great work, I recommend continuing to be mindful of your posture throughout your day. Even with excellent posture, short, regular breaks to stretch and move around can help maintain muscle strength and flexibility, preventing stiffness and fatigue.

Consider incorporating simple stretches for your neck and shoulders into your routine, even if it's just a few minutes each hour.  This will help you maintain your current excellent posture and prevent any future issues.  Keep up the amazing work!
"
8146faa3-084e-4936-bb68-279c7c5430dd,90341f70-0087-4628-a03e-c776221292af,2025-07-11 21:14:48.136+00,2025-07-11 21:15:56.892+00,ended,2025-07-11 21:14:48.139123,2025-07-11 21:15:56.892,
81601650-48d0-43ce-877d-7bbec561a55a,13089f04-828f-4918-97fd-e5796ef04e77,2025-06-24 04:04:07.449+00,2025-06-24 04:04:07.601+00,ended,2025-06-24 04:04:07.4566,2025-06-24 04:04:07.601,
8181f4ea-27b4-4b3b-89a6-cbc8024f0db5,dfef8c51-f869-4ead-874d-78d740bfa5d4,2025-06-24 00:37:42.102+00,2025-06-24 00:37:42.701+00,ended,2025-06-24 00:37:42.103521,2025-06-24 00:37:42.701,
8185f138-5f1e-48e0-9e6f-a3a7faf553a0,13089f04-828f-4918-97fd-e5796ef04e77,2025-06-24 03:10:05.671+00,2025-06-24 03:10:05.805+00,ended,2025-06-24 03:10:05.674078,2025-06-24 03:10:05.805,
81866ac0-9b0c-4976-aba5-5a7a33d3bccb,90341f70-0087-4628-a03e-c776221292af,2025-09-01 15:28:30.045+00,2025-09-01 15:28:53.414+00,ended,2025-09-01 15:28:30.06804,2025-09-01 15:28:53.414,
81af7001-dfed-4b59-82fe-87ed840849e3,dfef8c51-f869-4ead-874d-78d740bfa5d4,2025-06-24 00:26:21.08+00,2025-06-24 00:26:21.303+00,ended,2025-06-24 00:26:21.08206,2025-06-24 00:26:21.303,
81ed871c-31f6-4ef6-b897-7578aab01b34,90341f70-0087-4628-a03e-c776221292af,2025-07-23 22:13:58.74+00,2025-07-23 22:14:15.762+00,ended,2025-07-23 22:13:58.74173,2025-07-23 22:14:15.762,"Your posture analysis shows consistently good posture during the observed minute.  This is excellent!  It indicates you're maintaining a healthy neck and upper body position.  Keep up the great work!

To maintain this positive trend, I recommend continuing to be mindful of your posture throughout the day.  Even short periods of good posture add up.  Consider setting reminders to check your posture every hour or so, and try to maintain awareness of how you're sitting or standing.

There's nothing specific to address based on this data, but if you ever experience any discomfort, even minor aches, it's always a good idea to adjust your position.  Small changes can make a big difference in the long run.
"
822143e7-1e46-48f2-9938-b610f06ade1e,b4e2f64f-e6ec-4da8-aa61-9a2e30158fed,2025-06-24 00:38:08.925+00,2025-06-24 00:38:09.18+00,ended,2025-06-24 00:38:08.926491,2025-06-24 00:38:09.18,
826eab83-f921-4850-a631-2487802fedc9,13089f04-828f-4918-97fd-e5796ef04e77,2025-06-24 03:10:04.293+00,2025-06-24 03:10:04.556+00,ended,2025-06-24 03:10:04.296818,2025-06-24 03:10:04.556,
82c284a6-fa9e-4a10-ba2a-b98b4a866129,4bd6521f-4dc4-4a4f-bd8d-0cbb24653b76,2025-06-08 22:16:07.011+00,2025-06-08 22:16:07.6+00,ended,2025-06-08 22:16:07.01176,2025-06-08 22:16:07.6,
82c46eef-155a-4b25-bf5e-7b25b2ed0316,dfef8c51-f869-4ead-874d-78d740bfa5d4,2025-06-24 00:37:42.698+00,2025-06-24 00:37:43.351+00,ended,2025-06-24 00:37:42.812369,2025-06-24 00:37:43.351,
82d0ff54-ed17-4580-9c68-d6e0588ebb6c,a5794c51-2dbd-4523-829d-71e5139e7687,2025-07-10 08:06:21.552+00,2025-07-10 08:07:12.558+00,ended,2025-07-10 08:06:21.554675,2025-07-10 08:07:12.558,
8308d62d-44c1-4d49-8d45-3394350cb96e,17b0dea3-db3c-4e86-9bdb-6a8d3c58d1b2,2025-07-21 09:18:35.998+00,2025-07-21 10:22:21.261+00,ended,2025-07-21 09:18:36.002865,2025-07-21 10:22:21.261,"Your posture analysis shows a generally good posture baseline, with periods of excellent posture interspersed with shorter instances of less-optimal positioning.  The most frequent area for concern was a slightly forward head position and a less-than-ideal neck angle. These issues tended to cluster together, suggesting a potential connection.  There were no obvious patterns of consistent degradation or improvement over the session's duration.

The good news is that you maintain good posture for the majority of the time.  The key to further improvement lies in addressing the occasional forward head and less-than-ideal neck angle.  Try focusing on maintaining a neutral neck position, ensuring your ears are aligned over your shoulders, and your chin is parallel to the ground.  Even small, conscious adjustments can make a big difference.

To actively combat the forward head posture, consider incorporating short, regular breaks into your routine.  Every 30-45 minutes, take a minute to gently stretch your neck, rolling your head slowly in circles and tilting it from side to side.  This will help counteract the effects of prolonged periods of sitting or working in one position.

Remember, consistent awareness and small, mindful adjustments are key.  Even short periods of focused posture correction can lead to significant long-term improvements. Keep up the good work!
"
83411a73-f8dc-45a4-8204-e21d40557d60,dfef8c51-f869-4ead-874d-78d740bfa5d4,2025-06-24 00:37:40.235+00,2025-06-24 00:37:40.359+00,ended,2025-06-24 00:37:40.237133,2025-06-24 00:37:40.359,
836bade2-5de1-49de-ae3c-66997928c0f3,b4e2f64f-e6ec-4da8-aa61-9a2e30158fed,2025-06-24 00:37:16.105+00,2025-06-24 00:37:16.891+00,ended,2025-06-24 00:37:16.107905,2025-06-24 00:37:16.891,
83777fe8-be58-4d3c-a1c4-cb71bd247af0,b4e2f64f-e6ec-4da8-aa61-9a2e30158fed,2025-06-24 00:37:17.466+00,2025-06-24 00:37:17.578+00,ended,2025-06-24 00:37:17.469819,2025-06-24 00:37:17.578,
84032ec0-3f47-4900-8bb0-28892f9ba0f6,b4e2f64f-e6ec-4da8-aa61-9a2e30158fed,2025-06-24 00:37:16.555+00,2025-06-24 00:37:16.645+00,ended,2025-06-24 00:37:16.557,2025-06-24 00:37:16.645,
846ebd03-e4db-439f-93cf-a81353460e7f,8ed9acac-aea7-4f78-a740-f93a0eb8ff45,2025-07-09 01:24:23.942+00,2025-07-09 01:28:18.871+00,ended,2025-07-09 01:24:23.943571,2025-07-09 01:28:18.871,
848ea256-42b3-4fa2-b1f2-79acbe0f52b9,b47ebe5a-5d46-427d-a738-ed0c1c5585ba,2025-07-13 08:26:43.458+00,2025-07-13 08:26:45.004+00,ended,2025-07-13 08:26:43.460853,2025-07-13 08:26:45.004,
84f0d258-a06e-4fb1-9a85-f7fd49788afc,4bd6521f-4dc4-4a4f-bd8d-0cbb24653b76,2025-06-09 10:31:18.608+00,2025-06-09 10:31:32.661+00,ended,2025-06-09 10:31:18.659708,2025-06-09 10:31:32.661,
8514151e-b807-4f51-93e9-639adecc5be7,dfef8c51-f869-4ead-874d-78d740bfa5d4,2025-06-24 00:37:39.846+00,2025-06-24 00:37:39.979+00,ended,2025-06-24 00:37:39.848627,2025-06-24 00:37:39.979,
85746c1a-b85f-4532-9236-cd9518768fae,c8afcc38-a918-4076-8605-d5b2322eebc9,2025-08-22 10:09:34.071+00,2025-08-22 10:11:22.577+00,ended,2025-08-22 10:09:34.072541,2025-08-22 10:11:22.577,
85bab2d6-8572-4867-89a7-dd4080ac2644,b4e2f64f-e6ec-4da8-aa61-9a2e30158fed,2025-06-24 00:37:16.448+00,2025-06-24 00:37:17.21+00,ended,2025-06-24 00:37:16.449955,2025-06-24 00:37:17.21,
861cf32f-3305-47fc-98c2-ce2f23208dbe,a50611bf-dde2-4df6-8a2b-8bfc25c8e6f2,2025-09-18 12:31:26.006+00,2025-09-18 12:34:20.881+00,ended,2025-09-18 12:31:26.031123,2025-09-18 12:34:20.881,
86262996-8fb2-4752-b5ea-e851f65bb15f,dfef8c51-f869-4ead-874d-78d740bfa5d4,2025-06-24 00:37:42.735+00,2025-06-24 00:37:43.272+00,ended,2025-06-24 00:37:42.739935,2025-06-24 00:37:43.272,
86ec33c6-3559-4071-9ed5-bbaf74b8124c,dfef8c51-f869-4ead-874d-78d740bfa5d4,2025-06-24 00:37:42.285+00,2025-06-24 00:37:42.731+00,ended,2025-06-24 00:37:42.289391,2025-06-24 00:37:42.731,
8707e550-1f21-45f8-9656-b9543d378e25,90341f70-0087-4628-a03e-c776221292af,2025-09-08 20:53:50.062+00,2025-09-08 20:54:42.645+00,ended,2025-09-08 20:53:50.061971,2025-09-08 20:54:42.645,
87087833-e808-4b9a-a9cb-43fc850ddb05,a5794c51-2dbd-4523-829d-71e5139e7687,2025-07-10 23:24:36.734+00,2025-07-10 23:26:51.02+00,ended,2025-07-10 23:24:36.737499,2025-07-10 23:26:51.02,
870be3a0-0aaf-4d88-ad05-168ea21e19ae,960f83ce-2545-4062-a5b6-0bab96f7f492,2025-09-21 19:49:42.379+00,,active,2025-09-21 19:49:42.378687,2025-09-21 19:49:42.378687,
87223d54-1ec1-4426-bba7-9dccc06b2d72,13089f04-828f-4918-97fd-e5796ef04e77,2025-06-24 03:10:05.83+00,2025-06-24 03:10:06.08+00,ended,2025-06-24 03:10:05.833026,2025-06-24 03:10:06.08,
876fc41e-09fd-4f9c-91f5-70831b9758e3,c6a5e946-e209-49f2-a451-23d302d07b9f,2025-07-02 05:08:22.743+00,2025-07-02 05:08:49.978+00,ended,2025-07-02 05:08:22.74597,2025-07-02 05:08:49.978,
877460ff-f003-4910-a85f-0f23b314c54c,13089f04-828f-4918-97fd-e5796ef04e77,2025-06-24 03:10:05.684+00,2025-06-24 03:10:05.861+00,ended,2025-06-24 03:10:05.725878,2025-06-24 03:10:05.861,
87746c04-9b9c-4b9d-802a-44e7ace32007,4bd6521f-4dc4-4a4f-bd8d-0cbb24653b76,2025-06-08 18:01:24.097+00,2025-06-08 18:05:05.082+00,ended,2025-06-08 18:01:24.100987,2025-06-08 18:05:05.082,
877e4893-acd3-4c7b-a777-a53ad887c35d,90341f70-0087-4628-a03e-c776221292af,2025-07-08 18:11:04.984+00,2025-07-08 18:11:39.468+00,ended,2025-07-08 18:11:04.98571,2025-07-08 18:11:39.468,
878a2048-2a4f-45a3-9725-551b04e43279,6b6d496a-79f2-40f0-b1f4-11e616220efa,2025-09-20 08:24:08.235+00,2025-09-20 08:27:00.816+00,ended,2025-09-20 08:24:08.238646,2025-09-20 08:27:00.816,
87acdac9-42da-42f5-b00b-6d9d2e62ad45,90341f70-0087-4628-a03e-c776221292af,2025-09-01 15:46:32.543+00,2025-09-01 15:46:58.135+00,ended,2025-09-01 15:46:32.547979,2025-09-01 15:46:58.135,
87d14c01-68ee-4c99-8152-96efb1ba9df1,dfef8c51-f869-4ead-874d-78d740bfa5d4,2025-06-24 00:37:45.058+00,2025-06-24 00:37:45.562+00,ended,2025-06-24 00:37:45.061447,2025-06-24 00:37:45.562,
87e82977-e20d-4bcf-90e5-a90325c537a5,1ac653f4-5275-4e21-814d-56992851e16a,2025-10-07 13:42:51.047+00,2025-10-07 13:44:13.958+00,ended,2025-10-07 13:42:51.04486,2025-10-07 13:44:13.958,
87f767d3-7169-49e2-95a0-48e4c465f240,dfef8c51-f869-4ead-874d-78d740bfa5d4,2025-06-24 00:37:44.442+00,2025-06-24 00:37:45.114+00,ended,2025-06-24 00:37:44.444335,2025-06-24 00:37:45.114,
8814b452-68e9-4a8c-b1b6-0f3fcab5cfc3,dfef8c51-f869-4ead-874d-78d740bfa5d4,2025-06-24 00:37:43.396+00,2025-06-24 00:37:44.035+00,ended,2025-06-24 00:37:43.399824,2025-06-24 00:37:44.035,
881f1984-2040-4eaa-9ae4-9e70ead64498,4bd6521f-4dc4-4a4f-bd8d-0cbb24653b76,2025-06-08 22:16:04.698+00,2025-06-08 22:16:05.121+00,ended,2025-06-08 22:16:04.70023,2025-06-08 22:16:05.121,
887c4d5e-8c89-4448-adf6-e9a635b8ccd7,b4e2f64f-e6ec-4da8-aa61-9a2e30158fed,2025-06-24 00:37:16.171+00,2025-06-24 00:37:16.272+00,ended,2025-06-24 00:37:16.172432,2025-06-24 00:37:16.272,
8886afe5-b5ff-4f93-b39c-e2616511adf5,dfef8c51-f869-4ead-874d-78d740bfa5d4,2025-06-24 00:37:39.972+00,2025-06-24 00:37:40.108+00,ended,2025-06-24 00:37:39.973091,2025-06-24 00:37:40.108,
88c22fc4-045b-49a8-9c63-ae438a405f4d,b4e2f64f-e6ec-4da8-aa61-9a2e30158fed,2025-06-24 00:37:16.936+00,2025-06-24 00:37:17.078+00,ended,2025-06-24 00:37:16.982059,2025-06-24 00:37:17.078,
88c4e347-f155-423c-a740-3efc02c4aec3,bdb5df54-ce78-4b4a-aaa1-35360f33ca46,2025-08-26 07:48:50.154+00,2025-08-26 07:48:50.386+00,ended,2025-08-26 07:48:50.154776,2025-08-26 07:48:50.386,
8938ef76-f724-46eb-acdd-f2149d10d719,dfef8c51-f869-4ead-874d-78d740bfa5d4,2025-06-24 00:37:43.848+00,2025-06-24 00:37:44.377+00,ended,2025-06-24 00:37:43.849439,2025-06-24 00:37:44.377,
893aa5e0-ab6c-49ba-9807-fb76a8379a0e,95118e93-c66d-4c55-96a8-13886c3cd918,2025-07-15 07:11:09.492+00,2025-07-15 07:12:49.861+00,ended,2025-07-15 07:11:09.49528,2025-07-15 07:12:49.861,
893c0142-d78c-4687-b126-750cb63080cc,90341f70-0087-4628-a03e-c776221292af,2025-07-13 08:13:18.415+00,2025-07-13 08:13:29.059+00,ended,2025-07-13 08:13:18.415941,2025-07-13 08:13:29.059,
894a3a6e-20f2-4ed0-a928-1d095bd1dfac,b4e2f64f-e6ec-4da8-aa61-9a2e30158fed,2025-06-24 00:37:17.156+00,2025-06-24 00:37:17.406+00,ended,2025-06-24 00:37:17.207826,2025-06-24 00:37:17.406,
89972568-4a73-412a-9ce8-567effd36b28,b4e2f64f-e6ec-4da8-aa61-9a2e30158fed,2025-06-24 00:37:16.265+00,2025-06-24 00:37:16.366+00,ended,2025-06-24 00:37:16.266045,2025-06-24 00:37:16.366,
8a40d020-8db4-4083-bbd4-635c086f1c52,90341f70-0087-4628-a03e-c776221292af,2025-07-10 01:19:19.02+00,2025-07-10 01:19:38.739+00,ended,2025-07-10 01:19:19.023757,2025-07-10 01:19:38.739,
8a6c08aa-2587-4946-9c54-1fb81c297cf0,dfef8c51-f869-4ead-874d-78d740bfa5d4,2025-06-24 00:37:39.849+00,2025-06-24 00:37:39.979+00,ended,2025-06-24 00:37:39.852821,2025-06-24 00:37:39.979,
8aa16453-212d-48c9-b432-caef260e9cc3,fddc0bc3-c46f-4502-81ff-ed4ccda0d0dc,2025-09-21 10:57:24.343+00,2025-09-21 10:58:05.835+00,ended,2025-09-21 10:57:24.343791,2025-09-21 10:58:05.835,
8ab8aa45-0e80-426d-994d-d5dc816f5b0a,90341f70-0087-4628-a03e-c776221292af,2025-07-22 21:52:54.993+00,2025-07-22 21:55:19.262+00,ended,2025-07-22 21:52:54.996967,2025-07-22 21:55:19.262,"Your posture analysis shows consistently good posture throughout the monitored session.  This is excellent!  It suggests you're already maintaining a healthy posture, which is great for your overall well-being.

Keep up the fantastic work!  Maintaining this level of posture awareness is key to preventing future issues.  To further enhance your posture, consider taking short, mindful breaks throughout your day to consciously check your alignment.  Even a few seconds of conscious posture adjustments can make a big difference.

Since your posture is already strong, focus on maintaining this healthy habit.  Regular light exercise, particularly those that strengthen core muscles, can further support your excellent posture.

Remember, consistency is key.  Even with perfect posture today, continued awareness and mindful movement will help you maintain this healthy habit long-term.
"
8b20bddf-ced7-469b-990c-9dacc2698467,6b55160a-fac9-480c-b004-b976c9a2c0fb,2025-06-15 20:58:46.963+00,2025-06-15 20:59:58.6+00,ended,2025-06-15 20:58:46.964993,2025-06-15 20:59:58.6,
8b5c9106-1fe0-4651-af66-592c999b34c7,e44dcea5-2b0c-4bcc-9150-c94b044fabf9,2025-07-17 12:01:12.972+00,2025-07-17 12:01:13.889+00,ended,2025-07-17 12:01:12.974961,2025-07-17 12:01:13.889,
8b600328-b25c-40f1-9bfe-4a6edace7f3c,90341f70-0087-4628-a03e-c776221292af,2025-08-26 09:46:58.733+00,2025-08-26 09:47:23.932+00,ended,2025-08-26 09:46:58.735731,2025-08-26 09:47:23.932,
8b673d3c-4a9f-4c76-a5c7-3b6813a9900d,dfef8c51-f869-4ead-874d-78d740bfa5d4,2025-06-24 00:37:40.181+00,2025-06-24 00:37:40.322+00,ended,2025-06-24 00:37:40.183457,2025-06-24 00:37:40.322,
8b9691c0-9fef-4630-aee1-6d4c8adab21c,b4e2f64f-e6ec-4da8-aa61-9a2e30158fed,2025-06-24 00:38:08.757+00,2025-06-24 00:38:08.885+00,ended,2025-06-24 00:38:08.758885,2025-06-24 00:38:08.885,
8bb30a99-88a8-4951-a2e3-2a4048b9edbc,dfef8c51-f869-4ead-874d-78d740bfa5d4,2025-06-24 00:37:42.104+00,2025-06-24 00:37:42.284+00,ended,2025-06-24 00:37:42.10591,2025-06-24 00:37:42.284,
8bc70b97-422e-48c8-919f-968b768a13af,90341f70-0087-4628-a03e-c776221292af,2025-08-28 11:07:09.954+00,2025-08-28 11:08:33.216+00,ended,2025-08-28 11:07:09.956642,2025-08-28 11:08:33.216,
8becb642-cc59-4c47-9a19-0b2dbc4de609,13089f04-828f-4918-97fd-e5796ef04e77,2025-06-24 04:04:09.68+00,2025-06-24 04:04:09.852+00,ended,2025-06-24 04:04:09.682455,2025-06-24 04:04:09.852,
8beccfb5-f74b-4ef0-8a47-8eb86be7b61a,b4e2f64f-e6ec-4da8-aa61-9a2e30158fed,2025-06-24 00:38:08.216+00,2025-06-24 00:38:08.375+00,ended,2025-06-24 00:38:08.219573,2025-06-24 00:38:08.375,
8c0c187f-b543-492a-ab76-a25d5ad49489,b4e2f64f-e6ec-4da8-aa61-9a2e30158fed,2025-06-24 00:37:16.184+00,2025-06-24 00:37:16.289+00,ended,2025-06-24 00:37:16.185311,2025-06-24 00:37:16.289,
8c29c303-1fc3-4da1-892e-432c801b9ad2,dfef8c51-f869-4ead-874d-78d740bfa5d4,2025-06-24 00:37:42.748+00,2025-06-24 00:37:43.285+00,ended,2025-06-24 00:37:42.750798,2025-06-24 00:37:43.285,
8c947f77-419d-4eb3-8c05-65d18e0eb631,90341f70-0087-4628-a03e-c776221292af,2025-08-26 08:30:47.123+00,2025-08-26 08:31:01.773+00,ended,2025-08-26 08:30:47.129501,2025-08-26 08:31:01.773,"Your posture analysis shows consistently good posture during the observed minute.  This is excellent!  It suggests you're already maintaining good habits in terms of neck and head alignment, and your trunk angle appears to be well-maintained as well.  Keep up the great work!

To maintain this excellent posture, I recommend continuing to be mindful of your body positioning throughout your day.  Even with good posture, short breaks to stretch and move around can help prevent stiffness and fatigue.  Consider incorporating short, regular stretches for your neck and back into your routine.

There's no need for major adjustments based on this data; simply maintaining your current awareness and good habits is key.  If you notice any changes in your posture in the future, feel free to re-analyze your posture and I'll be here to help.
"
8cc06dcc-3b83-48ba-9149-002b94d460ce,62ab043d-9a88-4fd9-9e93-339d23bc47f3,2025-06-28 23:56:35.841+00,2025-06-28 23:58:27.634+00,ended,2025-06-28 23:56:35.843416,2025-06-28 23:58:27.634,
8cc2569e-f498-43a5-ae0f-3d7d6a3abdb2,42c02ad6-de37-47a7-ac6e-e5d9130e7d19,2025-07-28 11:14:59.573+00,2025-07-28 11:17:04.252+00,ended,2025-07-28 11:14:59.5767,2025-07-28 11:17:04.252,
8ccdfd1d-bfe5-4fd3-9a52-bdc7e9252552,90341f70-0087-4628-a03e-c776221292af,2025-08-26 07:21:29.991+00,2025-08-26 07:21:38.473+00,ended,2025-08-26 07:21:29.994737,2025-08-26 07:21:38.473,"Your posture analysis shows consistently good posture during the monitored period.  Both your craniovertebral angle and neck angle remained excellent throughout the minute.  This is fantastic!  Keep up the great work.

There's no need for specific adjustments at this time, as your posture appears to be very strong.  However, to maintain this excellent posture, remember to take short breaks every 30-60 minutes to stretch your neck and shoulders gently.  Even a few simple stretches can help prevent stiffness and maintain good alignment.

Maintaining good posture is a habit, not a destination!  Continue to be mindful of your posture throughout your day, and you'll likely see continued positive results.  If you notice any changes in your posture in the future, feel free to re-analyze your data.
"
8cf36951-68cc-4288-8be4-3095de3c2692,42c02ad6-de37-47a7-ac6e-e5d9130e7d19,2025-07-28 11:05:53.11+00,2025-07-28 11:05:59.491+00,ended,2025-07-28 11:05:53.114283,2025-07-28 11:05:59.491,
8d16f66b-022d-4ca2-b753-ce3b5f99a0c2,dfef8c51-f869-4ead-874d-78d740bfa5d4,2025-06-24 00:37:42.628+00,2025-06-24 00:37:42.761+00,ended,2025-06-24 00:37:42.632566,2025-06-24 00:37:42.761,
8d6da00e-62cb-41a4-83d2-dbd7d95aa213,a5794c51-2dbd-4523-829d-71e5139e7687,2025-07-10 22:25:00.551+00,2025-07-10 22:25:20.745+00,ended,2025-07-10 22:25:00.554275,2025-07-10 22:25:20.745,
8d6de0b7-c67d-4526-bc73-43df9b5ccc65,90341f70-0087-4628-a03e-c776221292af,2025-07-09 05:02:44.028+00,2025-07-09 05:02:56.831+00,ended,2025-07-09 05:02:44.030385,2025-07-09 05:02:56.831,
8daae20b-1abd-4c3b-ad02-a2a052fcc656,6b55160a-fac9-480c-b004-b976c9a2c0fb,2025-06-15 21:09:16.648+00,2025-06-15 21:10:48.094+00,ended,2025-06-15 21:09:16.6518,2025-06-15 21:10:48.094,
8efbbcc4-3a42-435a-bd07-7749d2a3b1ac,90341f70-0087-4628-a03e-c776221292af,2025-07-22 21:55:26.16+00,2025-07-22 21:55:52.057+00,ended,2025-07-22 21:55:26.170196,2025-07-22 21:55:52.057,
8f00164d-7773-49f4-abc4-19163b09718e,dfef8c51-f869-4ead-874d-78d740bfa5d4,2025-06-24 00:26:22.552+00,2025-06-24 00:26:22.701+00,ended,2025-06-24 00:26:22.555227,2025-06-24 00:26:22.701,
8f0687c7-511a-4231-a967-6cc7692e879c,dfef8c51-f869-4ead-874d-78d740bfa5d4,2025-06-24 00:37:43.254+00,2025-06-24 00:37:43.405+00,ended,2025-06-24 00:37:43.254949,2025-06-24 00:37:43.405,
8f3200fc-2222-4403-8c14-bab2982ae5b6,90341f70-0087-4628-a03e-c776221292af,2025-08-26 08:05:27.144+00,2025-08-26 08:05:39.547+00,ended,2025-08-26 08:05:27.146569,2025-08-26 08:05:39.547,"Your posture analysis shows consistently good posture during the monitored period.  Excellent work!  It seems you're maintaining a healthy neck and trunk angle, and your head position is also well-aligned.  Keep up the great work!

To maintain this excellent posture, I recommend continuing to be mindful of your body positioning throughout your day.  Even brief periods of good posture contribute to long-term benefits.  Consider setting reminders to check your posture periodically, especially if you spend long hours sitting or working at a computer.


There's nothing specific to address based on this short session, but even short breaks to stand and stretch can help maintain good posture over longer periods.  Remember, consistency is key!
"
8f65301c-3d35-499d-9130-bb9fb06b7b51,dfef8c51-f869-4ead-874d-78d740bfa5d4,2025-06-24 00:37:45.031+00,2025-06-24 00:37:45.53+00,ended,2025-06-24 00:37:45.034221,2025-06-24 00:37:45.53,
8f6db360-d9d0-4629-ad93-9504463f8b09,13089f04-828f-4918-97fd-e5796ef04e77,2025-06-24 04:04:07.299+00,2025-06-24 04:04:07.727+00,ended,2025-06-24 04:04:07.307049,2025-06-24 04:04:07.727,
8f71dc58-f1c4-43b9-8841-fd6253126481,4bd6521f-4dc4-4a4f-bd8d-0cbb24653b76,2025-06-07 00:51:51.433+00,2025-06-07 00:52:05.593+00,ended,2025-06-07 00:51:51.437278,2025-06-07 00:52:05.593,
8f9088aa-5b35-4bac-a269-3c3a47051904,79ff3ffa-acb8-4f21-89c3-a04ccb1408a2,2025-06-16 19:56:28.416+00,2025-06-16 19:56:31.042+00,ended,2025-06-16 19:56:28.477643,2025-06-16 19:56:31.042,
8f9ae8a5-089b-4161-8a53-2ac9c53d740e,b4e2f64f-e6ec-4da8-aa61-9a2e30158fed,2025-06-24 00:38:08.678+00,2025-06-24 00:38:08.782+00,ended,2025-06-24 00:38:08.680721,2025-06-24 00:38:08.782,
8fa22480-44fa-43dd-b275-078c4000dfa7,dfef8c51-f869-4ead-874d-78d740bfa5d4,2025-06-24 00:37:40.155+00,2025-06-24 00:37:40.279+00,ended,2025-06-24 00:37:40.156594,2025-06-24 00:37:40.279,
8fb1d86a-c5ca-4864-8538-935d251b1cd7,dfef8c51-f869-4ead-874d-78d740bfa5d4,2025-06-24 00:26:22.777+00,2025-06-24 00:26:22.946+00,ended,2025-06-24 00:26:22.77773,2025-06-24 00:26:22.946,
8ff3425a-55c7-4945-834d-f8c50bda03ec,dfef8c51-f869-4ead-874d-78d740bfa5d4,2025-06-24 00:37:44.948+00,2025-06-24 00:37:45.078+00,ended,2025-06-24 00:37:44.949626,2025-06-24 00:37:45.079,
8ff8d3c7-81c2-4b9b-a2a4-67fb36e6e21c,afcb35d6-1121-4767-81de-3696063b4837,2025-08-06 05:50:45.943+00,2025-08-06 06:23:33.469+00,ended,2025-08-06 05:50:45.94704,2025-08-06 06:23:33.469,"Your posture analysis shows consistently good posture throughout the monitored session.  This is excellent!  It indicates you're maintaining a healthy neck, trunk, and head position.  Keep up the great work!

There were no recurring postural problems identified during this period.  This suggests you're already practicing good posture habits.  To maintain this, remember to take short breaks throughout your day to stretch and move around.

Since your posture was consistently good, there's no specific area needing immediate attention.  However,  consider incorporating regular mindfulness exercises that focus on your body awareness.  Even a few minutes a day can help reinforce your excellent posture habits.

Maintaining this level of posture will reduce strain and potential discomfort in the long run.  Congratulations on your great posture!
"
90178d52-c9f6-403c-ad06-4c3dab1fee3e,ec9df34f-aa24-4a6f-8596-b11fd5b85001,2025-09-02 08:14:21.522+00,2025-09-02 08:14:53.281+00,ended,2025-09-02 08:14:21.525545,2025-09-02 08:14:53.281,
9028df7d-85c7-4c3b-b008-8c3fdf723e69,4bd6521f-4dc4-4a4f-bd8d-0cbb24653b76,2025-06-08 18:01:23.789+00,2025-06-08 18:01:23.941+00,ended,2025-06-08 18:01:23.792718,2025-06-08 18:01:23.941,
90489501-4be7-4c65-a145-ba1974e0b4b5,13089f04-828f-4918-97fd-e5796ef04e77,2025-06-24 03:45:07.761+00,2025-06-24 03:45:08.031+00,ended,2025-06-24 03:45:07.803382,2025-06-24 03:45:08.031,
90e177d7-fe2d-4c30-8e67-18475e47e187,b47ebe5a-5d46-427d-a738-ed0c1c5585ba,2025-07-06 00:35:05.816+00,2025-07-06 00:38:41.704+00,ended,2025-07-06 00:35:05.822896,2025-07-06 00:38:41.704,"Your posture analysis shows a consistent pattern of poor craniovertebral angle throughout the monitored session.  This suggests you may be holding your head in a forward position for extended periods.  This is a common issue that can lead to neck and shoulder pain over time.

The consistent nature of this posture problem indicates a need for mindful adjustments throughout your day.  It's not about achieving perfect posture constantly, but rather becoming more aware of your head position and making small, frequent corrections.

To address the identified issue, I recommend focusing on exercises that strengthen your neck and upper back muscles.  Simple stretches like chin tucks and shoulder blade squeezes can help improve your craniovertebral angle.  Also, consider adjusting your workstation setup – ensuring your monitor is at eye level can significantly reduce forward head posture.

Remember, even small changes can make a big difference.  Consistent effort in improving your posture will lead to better comfort and overall well-being.  Keep practicing those stretches and be mindful of your head position throughout the day!
"
910b0867-9268-4b4c-9fc3-0de6af515224,90341f70-0087-4628-a03e-c776221292af,2025-09-15 11:54:43.295+00,2025-09-15 11:55:45.728+00,ended,2025-09-15 11:54:43.296463,2025-09-15 11:55:45.728,
912683a3-3d47-467a-8e6a-ac014e5a9ec2,6b55160a-fac9-480c-b004-b976c9a2c0fb,2025-06-14 05:01:40.784+00,2025-06-14 05:01:51.267+00,ended,2025-06-14 05:01:40.825179,2025-06-14 05:01:51.267,
912acfac-c425-4ec5-83e3-43ece1415d93,dfef8c51-f869-4ead-874d-78d740bfa5d4,2025-06-24 00:37:39.246+00,2025-06-24 00:37:39.521+00,ended,2025-06-24 00:37:39.248105,2025-06-24 00:37:39.521,
913bc90f-4389-4ade-aaed-bc57c0038426,05ebc568-216a-4af1-a6b5-fec1872024c0,2025-09-15 19:38:12.438+00,2025-09-15 19:38:20.279+00,ended,2025-09-15 19:38:12.446237,2025-09-15 19:38:20.279,
91717568-1fa7-4dd3-8766-58bdb43e3d3b,13089f04-828f-4918-97fd-e5796ef04e77,2025-06-24 03:45:07.172+00,2025-06-24 03:45:07.334+00,ended,2025-06-24 03:45:07.188203,2025-06-24 03:45:07.334,
91939e1d-cd3d-4f78-ad9e-68e004d792db,dfef8c51-f869-4ead-874d-78d740bfa5d4,2025-06-24 00:37:41.531+00,2025-06-24 00:37:41.652+00,ended,2025-06-24 00:37:41.536475,2025-06-24 00:37:41.652,
91b59f1c-0a9e-4237-b481-8e3876a9b68d,dfef8c51-f869-4ead-874d-78d740bfa5d4,2025-06-24 00:37:42.091+00,2025-06-24 00:37:42.215+00,ended,2025-06-24 00:37:42.092437,2025-06-24 00:37:42.215,
91bc55e8-de15-4ca0-8cf5-8c310b2deb14,90341f70-0087-4628-a03e-c776221292af,2025-07-05 23:24:26.512+00,2025-07-05 23:25:32.232+00,ended,2025-07-05 23:24:26.538184,2025-07-05 23:25:32.232,"Your posture analysis shows a tendency towards forward head tilt and poor neck posture throughout the session.  While there were some periods of better posture, these were interspersed with intervals where your neck and head positioning were less ideal.  Specifically, the data indicates that these issues were most prominent in the first and latter parts of the observation period.

It appears that your posture might degrade over time during a session.  This suggests that fatigue or sustained positions might be contributing factors.

To address the forward head tilt, try setting reminders to check your posture and consciously pull your head back and align your ears over your shoulders.  Focusing on maintaining a neutral spine and engaging your core muscles will also help.  Regular neck stretches, such as gentle head tilts and rotations, can improve flexibility and reduce strain.

Consider taking short, regular breaks to stand, walk around, or perform some simple stretches.  This will help counteract the effects of prolonged sitting and potentially prevent posture degradation as the session progresses.  Remember, even small adjustments can make a big difference over time!
"
920c3c36-8ba3-43b4-a153-9904706b90f3,b4e2f64f-e6ec-4da8-aa61-9a2e30158fed,2025-06-24 00:37:16.28+00,2025-06-24 00:37:16.358+00,ended,2025-06-24 00:37:16.28133,2025-06-24 00:37:16.358,
9218fc80-dbf8-49f2-ae53-3ccffe1b940f,a5794c51-2dbd-4523-829d-71e5139e7687,2025-07-11 07:50:46.647+00,2025-07-11 07:51:19.837+00,ended,2025-07-11 07:50:46.658635,2025-07-11 07:51:19.837,
922870ec-109c-4dbd-9974-ee70b6644caf,ca605e3d-176d-4c09-a35e-1e2a7ae01031,2025-07-23 20:51:15.831+00,2025-07-23 20:53:27.761+00,ended,2025-07-23 20:51:15.834726,2025-07-23 20:53:27.761,"Your posture analysis shows consistently good posture throughout the monitored session.  This is excellent!  It indicates you're maintaining a healthy neck, trunk, and head position.  Keep up the great work!

There were no recurring postural problems identified during this period.  This suggests you are already practicing good posture habits.  Maintaining this level of awareness is key to long-term postural health.

To continue building on this success, consider incorporating short, regular posture checks throughout your day.  Even a brief moment to consciously adjust your seated or standing position can make a significant difference.  You might also try gentle stretches for your neck and shoulders to maintain flexibility and prevent stiffness.

Congratulations on your excellent posture!  By continuing to be mindful of your body positioning, you can maintain this healthy posture and avoid future issues.
"
925cad4f-065d-4895-95e2-b23f79c175d0,afcb35d6-1121-4767-81de-3696063b4837,2025-08-28 20:36:47.079+00,2025-08-28 20:36:54.871+00,ended,2025-08-28 20:36:47.071042,2025-08-28 20:36:54.871,
925f0efe-79e2-4a1d-8002-bb3b413dc191,8b26061f-8ec8-488c-ac7a-f92820e140b7,2025-07-13 08:40:12.836+00,2025-07-13 08:40:27.157+00,ended,2025-07-13 08:40:12.837839,2025-07-13 08:40:27.157,
928ca5db-425e-46b6-acc0-03d2a6c8b00a,13089f04-828f-4918-97fd-e5796ef04e77,2025-06-24 03:24:23.241+00,2025-06-24 03:24:23.462+00,ended,2025-06-24 03:24:23.287549,2025-06-24 03:24:23.462,
92ce0982-3056-419b-a46f-1caf75d16799,6b6d496a-79f2-40f0-b1f4-11e616220efa,2025-09-20 07:41:13.612+00,2025-09-20 07:41:16.354+00,ended,2025-09-20 07:41:13.615056,2025-09-20 07:41:16.354,
92f0c8df-61d1-4ff1-a2d2-09cecadb0dbc,90341f70-0087-4628-a03e-c776221292af,2025-09-15 08:38:36.178+00,2025-09-15 08:38:56.595+00,ended,2025-09-15 08:38:36.178754,2025-09-15 08:38:56.595,
92fc575b-342d-471c-9809-033345be84e6,90341f70-0087-4628-a03e-c776221292af,2025-07-22 20:46:27.335+00,2025-07-22 20:46:52.758+00,ended,2025-07-22 20:46:27.336889,2025-07-22 20:46:52.758,
9301477e-bcd3-4e4b-8c53-302ab2517790,b4e2f64f-e6ec-4da8-aa61-9a2e30158fed,2025-06-24 00:37:16.472+00,2025-06-24 00:37:16.596+00,ended,2025-06-24 00:37:16.47636,2025-06-24 00:37:16.596,
931c1a16-e415-4c3d-ad76-afa8aa0f4015,b4e2f64f-e6ec-4da8-aa61-9a2e30158fed,2025-06-24 00:38:16.337+00,2025-06-24 00:38:16.576+00,ended,2025-06-24 00:38:16.339504,2025-06-24 00:38:16.576,
934b1c0f-dfed-42af-a6a7-a44cad147694,13089f04-828f-4918-97fd-e5796ef04e77,2025-06-24 03:45:06.129+00,2025-06-24 03:45:06.978+00,ended,2025-06-24 03:45:06.171763,2025-06-24 03:45:06.978,
936453e7-f806-4524-b644-ad836d432875,dfef8c51-f869-4ead-874d-78d740bfa5d4,2025-06-24 00:37:41.629+00,2025-06-24 00:37:42.18+00,ended,2025-06-24 00:37:41.631702,2025-06-24 00:37:42.18,
94249895-7526-4183-8cdc-80084a148e0f,dfef8c51-f869-4ead-874d-78d740bfa5d4,2025-06-24 00:26:21.23+00,2025-06-24 00:26:21.359+00,ended,2025-06-24 00:26:21.233001,2025-06-24 00:26:21.359,
94293019-4eae-4122-89c6-ed4fa3fb7cf4,6b55160a-fac9-480c-b004-b976c9a2c0fb,2025-06-12 04:00:47.458+00,2025-06-12 04:01:15.918+00,ended,2025-06-12 04:00:47.505625,2025-06-12 04:01:15.918,
9430f24d-2e36-4cc6-8daa-b304d314a34f,13089f04-828f-4918-97fd-e5796ef04e77,2025-06-24 03:24:23.754+00,2025-06-24 03:24:24.362+00,ended,2025-06-24 03:24:23.756539,2025-06-24 03:24:24.362,
9463e6a0-270b-463a-b08a-0e0aaf6d1d4e,6b55160a-fac9-480c-b004-b976c9a2c0fb,2025-06-13 04:21:11.508+00,2025-06-13 04:22:14.363+00,ended,2025-06-13 04:21:11.511632,2025-06-13 04:22:14.363,
946fe946-e1cb-4f2a-8943-d7d53ce3e4bd,90341f70-0087-4628-a03e-c776221292af,2025-08-25 16:20:29.155+00,2025-08-25 16:20:50.867+00,ended,2025-08-25 16:20:29.14641,2025-08-25 16:20:50.867,
94836588-4081-46ab-aff2-d6e8e6dffec2,6b55160a-fac9-480c-b004-b976c9a2c0fb,2025-06-15 21:19:03.957+00,2025-06-15 21:19:50.934+00,ended,2025-06-15 21:19:04.006576,2025-06-15 21:19:50.934,
9489e0e9-ce1f-4a46-9e81-bc4a6905480e,dfef8c51-f869-4ead-874d-78d740bfa5d4,2025-06-24 00:37:40.027+00,2025-06-24 00:37:40.238+00,ended,2025-06-24 00:37:40.028746,2025-06-24 00:37:40.238,
9497b43e-c0e1-4c3e-be9a-eb600b80a729,dfef8c51-f869-4ead-874d-78d740bfa5d4,2025-06-24 00:37:44.347+00,2025-06-24 00:37:44.599+00,ended,2025-06-24 00:37:44.349765,2025-06-24 00:37:44.599,
9502df3f-6601-4ee2-bfc1-1587a04a8a2f,8b26061f-8ec8-488c-ac7a-f92820e140b7,2025-07-13 18:02:04.472+00,2025-07-13 18:02:33.589+00,ended,2025-07-13 18:02:04.475411,2025-07-13 18:02:33.589,
9558a1b5-a109-434a-921f-ffb1cf997169,90341f70-0087-4628-a03e-c776221292af,2025-09-04 15:28:34.19+00,2025-09-04 15:29:27.433+00,ended,2025-09-04 15:28:34.980479,2025-09-04 15:29:27.433,
95a2168d-3d43-473b-9617-32580b2bdd07,dfef8c51-f869-4ead-874d-78d740bfa5d4,2025-06-24 00:37:42.74+00,2025-06-24 00:37:43.387+00,ended,2025-06-24 00:37:42.743714,2025-06-24 00:37:43.387,
95f70784-a076-4ff4-9fd8-aa366307fc03,b4e2f64f-e6ec-4da8-aa61-9a2e30158fed,2025-06-24 00:37:16+00,2025-06-24 00:37:16.101+00,ended,2025-06-24 00:37:16.004666,2025-06-24 00:37:16.101,
96073134-8b2d-4590-8324-46475bb51c06,dfef8c51-f869-4ead-874d-78d740bfa5d4,2025-06-24 00:26:22.097+00,2025-06-24 00:26:22.277+00,ended,2025-06-24 00:26:22.098526,2025-06-24 00:26:22.277,
96391292-3816-4e78-9ea3-2dba93a1bd24,6b55160a-fac9-480c-b004-b976c9a2c0fb,2025-06-15 04:46:56.33+00,2025-06-15 04:47:01.244+00,ended,2025-06-15 04:46:56.332948,2025-06-15 04:47:01.244,
96419a1b-911c-4eb0-8ca2-aaa4d9705dd5,4bd6521f-4dc4-4a4f-bd8d-0cbb24653b76,2025-06-08 22:16:00.936+00,2025-06-08 22:16:04.663+00,ended,2025-06-08 22:16:00.938838,2025-06-08 22:16:04.663,
96481e54-8193-42d0-a2d8-2ae631e21394,b4e2f64f-e6ec-4da8-aa61-9a2e30158fed,2025-06-24 00:38:08.514+00,2025-06-24 00:38:08.618+00,ended,2025-06-24 00:38:08.516803,2025-06-24 00:38:08.618,
964eb330-ce18-4de2-b9fb-83c222451741,4bd6521f-4dc4-4a4f-bd8d-0cbb24653b76,2025-06-08 22:16:05.189+00,2025-06-08 22:16:05.617+00,ended,2025-06-08 22:16:05.19051,2025-06-08 22:16:05.617,
9655d71a-0465-44dc-8615-949537071b3f,b4e2f64f-e6ec-4da8-aa61-9a2e30158fed,2025-06-25 01:07:40.244+00,2025-06-25 01:07:50.569+00,ended,2025-06-25 01:07:40.24978,2025-06-25 01:07:50.569,
9659082c-a0e5-4c27-b05f-2b1adf6d30d1,6b6d496a-79f2-40f0-b1f4-11e616220efa,2025-09-19 10:50:34.565+00,2025-09-19 10:54:08.906+00,ended,2025-09-19 10:50:34.567168,2025-09-19 10:54:08.906,
966326f1-96fc-46bd-ace4-108ac7496200,dfef8c51-f869-4ead-874d-78d740bfa5d4,2025-06-24 00:37:44.606+00,2025-06-24 00:37:45.058+00,ended,2025-06-24 00:37:44.607928,2025-06-24 00:37:45.058,
96d92c9b-87d4-46ee-a25f-dd6a68fe3f8f,13089f04-828f-4918-97fd-e5796ef04e77,2025-06-24 03:34:31.284+00,2025-06-24 03:34:31.767+00,ended,2025-06-24 03:34:31.285379,2025-06-24 03:34:31.767,
96db5535-43d9-430e-8acc-2b4a3a6df34a,90341f70-0087-4628-a03e-c776221292af,2025-07-12 04:13:27.596+00,2025-07-12 04:14:03.92+00,ended,2025-07-12 04:13:27.601204,2025-07-12 04:14:03.92,
96e8ea99-b4ec-4313-a93d-c79868a2aa5d,6b55160a-fac9-480c-b004-b976c9a2c0fb,2025-06-15 20:18:10.908+00,2025-06-15 20:19:20.596+00,ended,2025-06-15 20:18:10.927241,2025-06-15 20:19:20.596,
96ef3520-a41d-4481-bb01-69e324f86c90,dfef8c51-f869-4ead-874d-78d740bfa5d4,2025-06-24 00:37:39.71+00,2025-06-24 00:37:39.843+00,ended,2025-06-24 00:37:39.72178,2025-06-24 00:37:39.843,
973042ab-1ec9-4939-9643-e56ff1aa3bf6,90341f70-0087-4628-a03e-c776221292af,2025-09-09 11:46:29.72+00,2025-09-09 11:47:40.229+00,ended,2025-09-09 11:46:29.719681,2025-09-09 11:47:40.229,
973381fb-dc73-4b4a-ba71-8fb64bd3821d,e58a0aba-821d-4b3c-a377-fefa1342229c,2025-09-21 16:15:22.686+00,2025-09-21 16:19:09.05+00,ended,2025-09-21 16:15:22.684284,2025-09-21 16:19:09.05,
976b63df-eacd-431e-8e8b-56f44e5d8d24,dfef8c51-f869-4ead-874d-78d740bfa5d4,2025-06-24 00:37:41.525+00,2025-06-24 00:37:41.665+00,ended,2025-06-24 00:37:41.531124,2025-06-24 00:37:41.665,
97808690-ca9b-4751-8621-92f006168a2e,b4e2f64f-e6ec-4da8-aa61-9a2e30158fed,2025-06-24 00:37:16.657+00,2025-06-24 00:37:16.774+00,ended,2025-06-24 00:37:16.659345,2025-06-24 00:37:16.774,
978e2e0e-dd07-4a73-b5b5-682caeae1a0f,4bd6521f-4dc4-4a4f-bd8d-0cbb24653b76,2025-06-09 09:54:28.713+00,2025-06-09 09:54:42.495+00,ended,2025-06-09 09:54:28.717002,2025-06-09 09:54:42.495,
97fa3021-a584-4e70-b1f9-7d6b3daa4172,3b9a2bfe-7247-4763-97c3-6f714b47a47f,2025-09-12 16:13:12.159+00,2025-09-12 16:13:16.89+00,ended,2025-09-12 16:13:12.156455,2025-09-12 16:13:16.89,
980e928a-1676-4cee-9c04-88b467a99bdb,dfef8c51-f869-4ead-874d-78d740bfa5d4,2025-06-24 00:37:42.165+00,2025-06-24 00:37:42.853+00,ended,2025-06-24 00:37:42.17724,2025-06-24 00:37:42.853,
982add97-f728-4e26-a9b1-ed1eaabc45be,a5794c51-2dbd-4523-829d-71e5139e7687,2025-07-10 03:12:30.469+00,2025-07-10 03:12:46.92+00,ended,2025-07-10 03:12:30.470582,2025-07-10 03:12:46.92,
98384bfa-d2a4-4532-bdcd-20ebecd917c7,4bd6521f-4dc4-4a4f-bd8d-0cbb24653b76,2025-06-08 18:01:22.556+00,2025-06-08 18:01:22.819+00,ended,2025-06-08 18:01:22.559234,2025-06-08 18:01:22.819,
98633ad8-cd76-42b0-a335-90d64da7b669,dfef8c51-f869-4ead-874d-78d740bfa5d4,2025-06-24 00:37:41.604+00,2025-06-24 00:37:42.204+00,ended,2025-06-24 00:37:41.607127,2025-06-24 00:37:42.204,
9865dacd-a50a-4c94-be2c-2ffe1c8302c2,dfef8c51-f869-4ead-874d-78d740bfa5d4,2025-06-24 00:37:44.372+00,2025-06-24 00:37:44.994+00,ended,2025-06-24 00:37:44.373495,2025-06-24 00:37:44.994,
98843ace-838c-47d6-b98b-6c72599d1eec,13089f04-828f-4918-97fd-e5796ef04e77,2025-06-24 04:04:09.106+00,2025-06-24 04:04:09.37+00,ended,2025-06-24 04:04:09.110557,2025-06-24 04:04:09.37,
98d10157-f6d2-481c-97f2-c9bb41e24cc5,dfef8c51-f869-4ead-874d-78d740bfa5d4,2025-06-24 00:37:42.701+00,2025-06-24 00:37:43.253+00,ended,2025-06-24 00:37:42.703759,2025-06-24 00:37:43.253,
991f6814-2a41-4db0-9ea4-b88ed8c21c7c,dfef8c51-f869-4ead-874d-78d740bfa5d4,2025-06-24 00:37:45.06+00,2025-06-24 00:37:45.567+00,ended,2025-06-24 00:37:45.062498,2025-06-24 00:37:45.567,
9933b9bd-64d4-4f5e-ab73-849c3cf185e8,2517bd6a-ed5c-4c59-b53e-396ec87fbdf5,2025-09-02 17:10:11.313+00,2025-09-02 17:10:27.878+00,ended,2025-09-02 17:10:11.314449,2025-09-02 17:10:27.878,
993db23b-d1f9-49f6-a6b7-35293b40d4d5,90341f70-0087-4628-a03e-c776221292af,2025-07-07 06:22:43.551+00,2025-07-07 06:23:30.333+00,ended,2025-07-07 06:22:43.554053,2025-07-07 06:23:30.333,"Your posture analysis shows a consistent pattern of good craniovertebral angle throughout the session, which is excellent!  However, we noticed some recurring issues with your shoulder slope.  These instances were not spread out but rather clustered together at the beginning of the session.

The most frequent area needing improvement was your shoulder slope.  This suggests you might be hunching your shoulders or letting them slump forward, especially at the start of your activity.  Try to be mindful of actively engaging your shoulder blades and keeping your shoulders relaxed but back.

To improve your shoulder posture, try incorporating short, regular breaks to consciously roll your shoulders back and down.  Think about lengthening your spine and imagining a string pulling you up from the crown of your head.  Even simple stretches targeting your upper back and shoulders a few times a day can make a big difference.

Remember, consistency is key!  Even small adjustments throughout the day will contribute to better long-term posture. Keep practicing these techniques, and you'll see improvements over time.
"
9957a64b-6a3b-4070-b88d-6bb3aafb1eec,dfef8c51-f869-4ead-874d-78d740bfa5d4,2025-06-24 00:37:42.238+00,2025-06-24 00:37:42.724+00,ended,2025-06-24 00:37:42.243699,2025-06-24 00:37:42.724,
997e03a0-3bbe-4250-a611-5667f1fe9fd4,2517bd6a-ed5c-4c59-b53e-396ec87fbdf5,2025-09-02 17:06:05.982+00,2025-09-02 17:08:12.221+00,ended,2025-09-02 17:06:05.991191,2025-09-02 17:08:12.221,
99a51efa-2daf-4f07-9712-44679025ec2d,dfef8c51-f869-4ead-874d-78d740bfa5d4,2025-06-24 00:26:21.744+00,2025-06-24 00:26:21.906+00,ended,2025-06-24 00:26:21.747134,2025-06-24 00:26:21.906,
99fb1c4f-a76e-4923-a10e-9cf9038c5a90,13089f04-828f-4918-97fd-e5796ef04e77,2025-06-24 03:10:05.122+00,2025-06-24 03:10:05.312+00,ended,2025-06-24 03:10:05.171522,2025-06-24 03:10:05.312,
9a577117-c2af-4a5e-b739-75450a65611a,90341f70-0087-4628-a03e-c776221292af,2025-07-12 08:32:59.034+00,2025-07-12 08:33:31.732+00,ended,2025-07-12 08:32:59.035904,2025-07-12 08:33:31.732,
9acf732d-f95c-44d8-b1cd-0e1d61392b8f,90341f70-0087-4628-a03e-c776221292af,2025-07-09 19:16:45.517+00,2025-07-09 19:17:41.583+00,ended,2025-07-09 19:16:45.532771,2025-07-09 19:17:41.583,
9b0d7ab2-93fd-4934-b39b-e31f9ae52852,dfef8c51-f869-4ead-874d-78d740bfa5d4,2025-06-24 00:37:45.031+00,2025-06-24 00:37:45.532+00,ended,2025-06-24 00:37:45.033707,2025-06-24 00:37:45.532,
9b6e5e52-b2b1-4e3e-8f95-2d0ab060beea,90341f70-0087-4628-a03e-c776221292af,2025-07-12 22:49:26.143+00,2025-07-12 22:50:21.452+00,ended,2025-07-12 22:49:26.146836,2025-07-12 22:50:21.452,"Your posture analysis shows a generally good starting posture, with a strong initial period of excellent craniovertebral angle. However, we noticed a shift towards a less optimal craniovertebral angle and a slight dip in neck angle towards the end of the session.  This suggests that you might be gradually losing ideal posture as the session progresses.

The most frequent area needing improvement appears to be the craniovertebral angle (the position of your head relative to your neck).  While your neck angle was mostly good, the change in craniovertebral angle indicates a potential for forward head posture developing over time.

To counteract this, try focusing on maintaining a neutral head position throughout your next session.  Consciously check in every few minutes to ensure your ears are aligned with your shoulders.  Simple stretches focusing on neck and upper back mobility before and during the session can also help.  Consider taking short breaks to stand and move around, to reset your posture.

Remember, even small adjustments can make a big difference.  Consistent awareness and proactive stretching will help you maintain better posture and prevent the gradual decline observed in this session.
"
9bd2679f-f93a-4601-aeb8-b92921991f20,90341f70-0087-4628-a03e-c776221292af,2025-09-08 21:59:40.219+00,2025-09-08 22:00:15.987+00,ended,2025-09-08 21:59:40.218124,2025-09-08 22:00:15.987,
9bd8bbdd-4e81-4f49-a409-3e9c40562414,b4e2f64f-e6ec-4da8-aa61-9a2e30158fed,2025-06-24 00:38:16.312+00,2025-06-24 00:38:16.567+00,ended,2025-06-24 00:38:16.317311,2025-06-24 00:38:16.567,
9bdfa1cf-b863-4965-a7f0-d989985f0de6,4bd520de-ffae-4fad-b990-6bc3edae2c41,2025-09-27 06:58:31.258+00,2025-09-27 06:58:31.953+00,ended,2025-09-27 06:58:31.260299,2025-09-27 06:58:31.953,
9bed8b8a-64b4-4562-8cdf-60d8f0364e63,a968b031-aa67-4473-8cc5-0b52da7e6dc5,2025-09-28 15:24:48.777+00,2025-09-28 16:42:51.244+00,ended,2025-09-28 15:24:48.7782,2025-09-28 16:42:51.244,
9c052219-2ed3-44de-84fd-2003ae16621c,dfef8c51-f869-4ead-874d-78d740bfa5d4,2025-06-24 00:37:43.251+00,2025-06-24 00:37:43.766+00,ended,2025-06-24 00:37:43.255593,2025-06-24 00:37:43.766,
9c1ac9eb-7e7b-4344-8bca-2677e7061cad,90341f70-0087-4628-a03e-c776221292af,2025-08-25 20:44:06.553+00,2025-08-25 20:44:18.188+00,ended,2025-08-25 20:44:06.557765,2025-08-25 20:44:18.188,"Your posture analysis shows consistently good posture during the monitored period.  Excellent work!  It seems you're maintaining a healthy neck and head position, and your trunk alignment is also strong.  Keep up the great work!

To maintain this excellent posture, I recommend continuing to be mindful of your body position throughout your day.  Even short breaks to stand up, stretch, or simply readjust your position can help prevent any postural issues from developing.

Since your posture was consistently good, there's no need for specific adjustments at this time.  However, consider incorporating regular gentle stretches or exercises to strengthen your core and neck muscles. This will help support your posture and prevent future problems.

Remember, maintaining good posture is a journey, not a destination.  Consistency is key, and your current performance is a great starting point!
"
9c3c4afa-8527-4364-8dbc-04120aebb1d4,dfef8c51-f869-4ead-874d-78d740bfa5d4,2025-06-24 00:37:41.039+00,2025-06-24 00:37:41.625+00,ended,2025-06-24 00:37:41.121135,2025-06-24 00:37:41.625,
9c3fdd4f-1cd3-45f7-9050-37d9b4d08f11,90341f70-0087-4628-a03e-c776221292af,2025-08-26 14:49:41.046+00,2025-08-26 14:50:59.124+00,ended,2025-08-26 14:49:41.043962,2025-08-26 14:50:59.124,
9c7e13b0-07a0-4b9a-be98-3f9c60e2ca99,b4e2f64f-e6ec-4da8-aa61-9a2e30158fed,2025-06-24 00:37:16.158+00,2025-06-24 00:37:16.249+00,ended,2025-06-24 00:37:16.160804,2025-06-24 00:37:16.249,
9c98cdfa-d69a-47ae-a453-1005c36c11b4,4bd6521f-4dc4-4a4f-bd8d-0cbb24653b76,2025-06-08 18:01:19.861+00,2025-06-08 18:01:22.656+00,ended,2025-06-08 18:01:19.864533,2025-06-08 18:01:22.656,
9cddb745-d368-4363-bf60-ab612849ec28,b4e2f64f-e6ec-4da8-aa61-9a2e30158fed,2025-06-24 00:37:16.347+00,2025-06-24 00:37:17.111+00,ended,2025-06-24 00:37:16.34816,2025-06-24 00:37:17.111,
9ce71c85-c4f6-4fb6-acd1-a63663647df5,b4e2f64f-e6ec-4da8-aa61-9a2e30158fed,2025-06-24 00:37:15.722+00,2025-06-24 00:37:16.749+00,ended,2025-06-24 00:37:15.723587,2025-06-24 00:37:16.749,
9d07d4f0-56c9-4ffe-9d00-6877ee767183,90341f70-0087-4628-a03e-c776221292af,2025-07-22 21:18:53.654+00,2025-07-22 21:19:08.373+00,ended,2025-07-22 21:18:53.65325,2025-07-22 21:19:08.373,
9d16a2b5-2fb3-4d20-be66-469d29bd5a13,dfef8c51-f869-4ead-874d-78d740bfa5d4,2025-06-24 00:37:41.054+00,2025-06-24 00:37:41.588+00,ended,2025-06-24 00:37:41.057878,2025-06-24 00:37:41.588,
9d1c20aa-5818-4f91-a0d6-4f39223ac2d8,2517bd6a-ed5c-4c59-b53e-396ec87fbdf5,2025-09-05 10:17:00.272+00,2025-09-05 10:29:50.508+00,ended,2025-09-05 10:17:00.328961,2025-09-05 10:29:50.508,
9d2b118c-6a45-4ae3-a775-d20c4c5fca7b,8b26061f-8ec8-488c-ac7a-f92820e140b7,2025-07-13 08:27:18.719+00,2025-07-13 08:27:39.278+00,ended,2025-07-13 08:27:18.723389,2025-07-13 08:27:39.278,
9d77376e-85a3-4551-afab-217d137ff2ee,b4e2f64f-e6ec-4da8-aa61-9a2e30158fed,2025-06-24 00:37:16.347+00,2025-06-24 00:37:16.452+00,ended,2025-06-24 00:37:16.353991,2025-06-24 00:37:16.452,
9da7a1a6-61d4-4a8b-9116-70f7181e0f37,dfef8c51-f869-4ead-874d-78d740bfa5d4,2025-06-24 00:26:24.354+00,2025-06-24 00:26:24.492+00,ended,2025-06-24 00:26:24.358421,2025-06-24 00:26:24.492,
9de9c758-cc45-4afc-bf01-1da0f38cabf8,8b26061f-8ec8-488c-ac7a-f92820e140b7,2025-07-13 18:09:50.53+00,2025-07-13 18:10:29.174+00,ended,2025-07-13 18:09:50.532531,2025-07-13 18:10:29.174,"Your posture analysis shows a generally good posture throughout the session, with only a brief dip in quality around the middle.  The majority of the time, your head and neck positioning were excellent.

The slight deviation from ideal posture occurred in the middle of the session, indicating a possible momentary lapse in attention to posture.  This suggests that maintaining awareness of your posture throughout the day could be beneficial.

To build on your already good posture, I recommend focusing on maintaining an upright posture, especially during periods of prolonged sitting or standing.  Consider setting reminders to check your posture or incorporating short posture-correction breaks into your routine. Even a few seconds of mindful posture adjustments can make a difference.

Remember, consistency is key!  By actively paying attention to your posture and incorporating these simple strategies, you can continue to improve and maintain a healthy, comfortable posture.
"
9dfc9c68-5db2-47af-8709-6efc4e17a27c,90341f70-0087-4628-a03e-c776221292af,2025-07-12 02:42:38.278+00,2025-07-12 02:43:29.973+00,ended,2025-07-12 02:42:38.281957,2025-07-12 02:43:29.973,
9e08bf33-719d-4671-a69c-053c07e1b299,90341f70-0087-4628-a03e-c776221292af,2025-09-09 11:51:08.203+00,2025-09-09 11:52:05.218+00,ended,2025-09-09 11:51:08.206868,2025-09-09 11:52:05.218,
9e13811c-7412-4b61-b01d-7c618a2a31f1,96ba695b-2261-44d7-a9f2-b6b76bc42d7f,2025-07-07 02:08:18.268+00,2025-07-07 02:10:01.192+00,ended,2025-07-07 02:08:18.27741,2025-07-07 02:10:01.192,"Your posture analysis shows a generally good posture baseline, with most of the session exhibiting strong neck and upper back positioning.  However, we did see a few instances of poor head tilt and a single instance of fair head tilt. These occurred towards the middle of the session, suggesting a potential for posture degradation as the session progressed.

The most frequent issue was a slightly tilted head, indicating that you might be unconsciously leaning your head to one side.  This is a common issue that can lead to neck strain and discomfort over time.

To address the head tilt, try focusing on keeping your ears aligned directly over your shoulders.  Regularly check your posture throughout the day, perhaps setting a timer to remind yourself.  Simple stretches targeting neck rotation and lateral flexion can also help improve flexibility and counteract the tendency to tilt your head.

Consider incorporating short posture breaks into your routine.  Even a few minutes of mindful stretching or a walk around can help reset your posture and prevent sustained poor habits.  Remember, consistent awareness and small adjustments can make a big difference!
"
9e7baf0a-f840-453e-bfac-6aa7f6d3b77d,4bd6521f-4dc4-4a4f-bd8d-0cbb24653b76,2025-06-09 10:55:00.474+00,2025-06-09 10:55:23.775+00,ended,2025-06-09 10:55:00.47814,2025-06-09 10:55:23.775,
9eb7d97d-756a-4dd4-89b8-f999bda9655c,add7aa75-d70c-41c1-9218-283ce3901e78,2025-07-08 01:22:00.703+00,2025-07-08 01:23:06.832+00,ended,2025-07-08 01:22:00.705676,2025-07-08 01:23:06.832,
9ed804b4-95ab-4030-b43d-de585dd079f6,4bd6521f-4dc4-4a4f-bd8d-0cbb24653b76,2025-06-07 00:32:00.625+00,2025-06-07 00:32:07.028+00,ended,2025-06-07 00:32:00.627773,2025-06-07 00:32:07.028,
9ee6101b-2ee6-4a3b-a4c3-881e9d0d0494,dfef8c51-f869-4ead-874d-78d740bfa5d4,2025-06-24 00:37:41.664+00,2025-06-24 00:37:42.189+00,ended,2025-06-24 00:37:41.665322,2025-06-24 00:37:42.189,
9ef14e46-db7f-4b9c-97e7-0f0c9ab9bb56,dfef8c51-f869-4ead-874d-78d740bfa5d4,2025-06-24 00:37:40.327+00,2025-06-24 00:37:41.026+00,ended,2025-06-24 00:37:40.36814,2025-06-24 00:37:41.026,
9f12830f-c198-4b23-b9fa-b12ceef57d12,b4e2f64f-e6ec-4da8-aa61-9a2e30158fed,2025-06-24 00:37:17.103+00,2025-06-24 00:37:17.213+00,ended,2025-06-24 00:37:17.105963,2025-06-24 00:37:17.213,
9f2ab38f-ca33-4ef2-a092-b3f5972be27f,d238a9c9-e625-465b-86fe-a97fec0a95b8,2025-08-22 09:38:34.356+00,2025-08-22 10:06:53.732+00,ended,2025-08-22 09:38:34.357967,2025-08-22 10:06:53.732,"Your posture analysis shows consistently good posture throughout the monitored session.  That's fantastic!  It seems you're maintaining excellent neck and craniovertebral angles, indicating a strong awareness of proper head and neck alignment.  Keep up the great work!

Maintaining this level of posture is key to long-term comfort and well-being.  To continue this positive trend, try to be mindful of your posture even when not actively monitoring it.  Consider setting reminders or using posture-supporting tools like a supportive chair or ergonomic keyboard if you spend extended periods at a desk.

There's nothing to improve in this session's data, but remember that even with excellent posture, regular movement and stretching are beneficial.  Consider incorporating short breaks with light stretching exercises into your routine to maintain flexibility and prevent stiffness.

Congratulations again on your excellent posture!  This data suggests you're already practicing good habits.  Continue your efforts and enjoy the benefits of healthy posture.
"
9f4dd25d-1d34-4ab1-b6a1-b8ec4af856fc,13089f04-828f-4918-97fd-e5796ef04e77,2025-06-24 03:10:03.933+00,2025-06-24 03:10:04.108+00,ended,2025-06-24 03:10:03.938224,2025-06-24 03:10:04.108,
9f6493b8-bebb-4ab4-af71-88c537a9dd5d,a5794c51-2dbd-4523-829d-71e5139e7687,2025-07-11 07:51:30.261+00,2025-07-11 07:52:20.559+00,ended,2025-07-11 07:51:30.263614,2025-07-11 07:52:20.559,
9f830c5f-283c-42db-a56c-a99d38e173bf,90341f70-0087-4628-a03e-c776221292af,2025-07-09 23:35:08.598+00,2025-07-09 23:35:23.81+00,ended,2025-07-09 23:35:08.599458,2025-07-09 23:35:23.81,
9fab6297-039e-431f-84e1-645ced6486a6,90341f70-0087-4628-a03e-c776221292af,2025-09-12 09:59:28.003+00,2025-09-12 09:59:45.515+00,ended,2025-09-12 09:59:28.003188,2025-09-12 09:59:45.515,
9fb77e52-91f8-4245-9d2a-ce56e79fb2ff,dfef8c51-f869-4ead-874d-78d740bfa5d4,2025-06-24 00:26:22.249+00,2025-06-24 00:26:22.856+00,ended,2025-06-24 00:26:22.251193,2025-06-24 00:26:22.856,
a0126384-7edd-45c3-8730-b6ba11d03872,6b55160a-fac9-480c-b004-b976c9a2c0fb,2025-06-14 19:35:32.52+00,2025-06-14 19:35:40.432+00,ended,2025-06-14 19:35:32.527076,2025-06-14 19:35:40.432,
a02fb16e-c60d-4f5c-b02a-4019122fdd1f,dfef8c51-f869-4ead-874d-78d740bfa5d4,2025-06-24 00:37:42.713+00,2025-06-24 00:37:43.246+00,ended,2025-06-24 00:37:42.714094,2025-06-24 00:37:43.246,
a0388e7a-3b7c-4cfb-afbb-20442c3cf665,dfef8c51-f869-4ead-874d-78d740bfa5d4,2025-06-24 00:37:43.336+00,2025-06-24 00:37:43.895+00,ended,2025-06-24 00:37:43.339245,2025-06-24 00:37:43.895,
a050b78f-dff1-4005-ae8b-7bb402cc5862,a50611bf-dde2-4df6-8a2b-8bfc25c8e6f2,2025-09-18 12:36:50.204+00,2025-09-18 12:41:45.531+00,ended,2025-09-18 12:36:50.20549,2025-09-18 12:41:45.531,
a0bc1971-c02e-4aab-9d4a-1e356cb28d86,dfef8c51-f869-4ead-874d-78d740bfa5d4,2025-06-24 00:37:43.291+00,2025-06-24 00:37:43.834+00,ended,2025-06-24 00:37:43.292398,2025-06-24 00:37:43.834,
a0e42a65-a584-47e3-a899-e95134644282,42c02ad6-de37-47a7-ac6e-e5d9130e7d19,2025-07-28 11:05:36.228+00,2025-07-28 11:05:45.918+00,ended,2025-07-28 11:05:36.232041,2025-07-28 11:05:45.918,
a0eb6849-c7fe-4a32-9367-03ce7eeef346,3b9a2bfe-7247-4763-97c3-6f714b47a47f,2025-09-12 16:20:43.822+00,2025-09-12 16:22:56.044+00,ended,2025-09-12 16:20:45.108883,2025-09-12 16:22:56.044,
a0f9ac39-9c06-47ba-92f4-cfb398642167,f2baf23d-b1a3-46da-b528-159c92cf170f,2025-10-02 07:56:50.545+00,2025-10-02 08:00:52.904+00,ended,2025-10-02 07:56:50.546948,2025-10-02 08:00:52.904,
a12d8e8f-7972-4a0c-b3c5-74b5eeea51ba,13089f04-828f-4918-97fd-e5796ef04e77,2025-06-24 03:45:06.834+00,2025-06-24 03:45:07.117+00,ended,2025-06-24 03:45:06.874723,2025-06-24 03:45:07.117,
a162ab49-1fe6-4bda-9e04-a43b87736403,90341f70-0087-4628-a03e-c776221292af,2025-06-25 21:37:04.459+00,2025-06-25 21:37:26.696+00,ended,2025-06-25 21:37:04.462713,2025-06-25 21:37:26.696,
a17357c7-ba76-4e08-9bf9-5ee49326061a,dfef8c51-f869-4ead-874d-78d740bfa5d4,2025-06-24 00:26:22.264+00,2025-06-24 00:26:22.444+00,ended,2025-06-24 00:26:22.281739,2025-06-24 00:26:22.444,
a185a7b0-3b7c-409e-a5e5-6b0179794df5,90341f70-0087-4628-a03e-c776221292af,2025-08-26 07:32:39.333+00,2025-08-26 07:32:51.056+00,ended,2025-08-26 07:32:39.332549,2025-08-26 07:32:51.056,
a1dce6da-c7dc-44af-a91c-022b7bd01eee,b4e2f64f-e6ec-4da8-aa61-9a2e30158fed,2025-06-24 00:37:16.517+00,2025-06-24 00:37:17.02+00,ended,2025-06-24 00:37:16.518205,2025-06-24 00:37:17.02,
a2631ddf-7d12-4e3c-acf8-01a193389750,87811a32-439a-4c0b-aaf4-b5cb2a31d18b,2025-09-11 10:37:07.487+00,2025-09-11 10:42:29.556+00,ended,2025-09-11 10:37:07.489502,2025-09-11 10:42:29.556,
a2834ef7-79d4-4d6e-b4c1-074ffdce78ee,afcb35d6-1121-4767-81de-3696063b4837,2025-08-28 20:37:18.186+00,2025-08-28 20:37:20.503+00,ended,2025-08-28 20:37:18.179694,2025-08-28 20:37:20.503,
a2b29aab-936f-4404-896b-8b25499bcfa4,13089f04-828f-4918-97fd-e5796ef04e77,2025-06-24 03:45:08.101+00,2025-06-24 03:45:08.341+00,ended,2025-06-24 03:45:08.102151,2025-06-24 03:45:08.341,
a2c00f02-5f18-4b6d-84e2-af581e9d3f6a,dfef8c51-f869-4ead-874d-78d740bfa5d4,2025-06-24 00:37:44.398+00,2025-06-24 00:37:44.985+00,ended,2025-06-24 00:37:44.399864,2025-06-24 00:37:44.985,
a30f3593-9125-4e2f-aca2-e3e48acccc21,6b55160a-fac9-480c-b004-b976c9a2c0fb,2025-06-11 08:18:41.931+00,2025-06-11 08:18:46.776+00,ended,2025-06-11 08:18:41.932929,2025-06-11 08:18:46.776,
a3143a6f-8a68-4038-8c20-64956c0bf7bb,02731526-8c2e-4370-a2af-b62d0b80928d,2025-09-11 16:51:44.942+00,2025-09-11 16:54:39.977+00,ended,2025-09-11 16:51:44.94141,2025-09-11 16:54:39.977,
a31cb126-4b33-4de3-8817-15faf73c42bd,6b55160a-fac9-480c-b004-b976c9a2c0fb,2025-06-14 19:34:57.649+00,2025-06-14 19:35:10.555+00,ended,2025-06-14 19:34:57.65627,2025-06-14 19:35:10.555,
a3327f04-5924-444a-be71-8367393cce3d,3b9a2bfe-7247-4763-97c3-6f714b47a47f,2025-09-12 16:27:08.116+00,2025-09-12 16:27:48.514+00,ended,2025-09-12 16:27:08.110348,2025-09-12 16:27:48.514,
a339f657-bcc7-4dbb-8075-b50a45d35d61,8b26061f-8ec8-488c-ac7a-f92820e140b7,2025-07-13 08:35:54.61+00,2025-07-13 08:36:34.241+00,ended,2025-07-13 08:35:54.614115,2025-07-13 08:36:34.241,
a35d38c6-7c07-418a-a7bf-1df8bdc50390,90341f70-0087-4628-a03e-c776221292af,2025-08-26 07:52:19.793+00,2025-08-26 07:52:28.211+00,ended,2025-08-26 07:52:19.79448,2025-08-26 07:52:28.211,
a35e6645-66f3-4037-98bd-a6b34dcfb9fb,90341f70-0087-4628-a03e-c776221292af,2025-07-02 07:56:02.617+00,2025-07-02 07:57:46.938+00,ended,2025-07-02 07:56:02.62164,2025-07-02 07:57:46.938,"Your posture analysis shows a few recurring patterns.  Most notably, the 'E' metric (Fair Craniovertebral Angle) appeared frequently, suggesting you may need to pay extra attention to maintaining a healthy alignment between your head and neck.  There's also a noticeable trend towards poorer posture towards the end of the session, indicated by the increase in 'E' ratings.

It's encouraging that you had some periods of good posture ('D' and 'A' ratings), demonstrating you're capable of maintaining proper form.  Focusing on consistency will be key.

To improve your Craniovertebral Angle, try practicing neck stretches and exercises that strengthen the muscles supporting your head and neck.  Remember to take short breaks throughout the day to consciously check your posture and readjust as needed.  Consider setting reminders to maintain good posture throughout your session.

By focusing on these areas, you'll likely see improvements in your overall posture and reduce the frequency of 'E' and other less optimal ratings in future sessions. Keep up the good work!
"
a3777b68-1cf4-4cfb-9afe-d54ef39f28c4,dfef8c51-f869-4ead-874d-78d740bfa5d4,2025-06-24 00:37:45.024+00,2025-06-24 00:37:45.531+00,ended,2025-06-24 00:37:45.025541,2025-06-24 00:37:45.531,
a37bb35b-6d91-4b32-aa59-c9a368ed01f2,1ac653f4-5275-4e21-814d-56992851e16a,2025-10-03 13:27:55.893+00,2025-10-03 13:55:10.408+00,ended,2025-10-03 13:27:55.894082,2025-10-03 13:55:10.408,
a39e077c-c224-4591-9160-a1f3184a3f2c,dfef8c51-f869-4ead-874d-78d740bfa5d4,2025-06-24 00:37:43.317+00,2025-06-24 00:37:43.885+00,ended,2025-06-24 00:37:43.318512,2025-06-24 00:37:43.885,
a3a6707d-db1e-4650-977c-8dac220a8d76,dfef8c51-f869-4ead-874d-78d740bfa5d4,2025-06-24 00:26:24.418+00,2025-06-24 00:26:24.541+00,ended,2025-06-24 00:26:24.418443,2025-06-24 00:26:24.541,
a3bb6879-c282-4ecd-9cda-0e53a9dabf5a,8375ea31-9b90-4b9c-8000-cb8883ba72c3,2025-09-24 06:33:10.34+00,2025-09-24 06:35:30.549+00,ended,2025-09-24 06:33:10.339962,2025-09-24 06:35:30.549,
a44192e5-bb5a-4694-a7d6-015a0e492d75,dfef8c51-f869-4ead-874d-78d740bfa5d4,2025-06-24 00:26:22.911+00,2025-06-24 00:26:23.051+00,ended,2025-06-24 00:26:22.911482,2025-06-24 00:26:23.051,
a45fa5ce-527b-4c7b-a244-be9cb2cff259,dfef8c51-f869-4ead-874d-78d740bfa5d4,2025-06-24 00:37:41.087+00,2025-06-24 00:37:41.584+00,ended,2025-06-24 00:37:41.090139,2025-06-24 00:37:41.584,
a468a396-1846-4be1-b7ef-108d3024d112,4373d7e1-e5f8-4223-869b-439ac4037826,2025-09-22 11:47:36.828+00,2025-09-25 15:23:58.079+00,ended,2025-09-22 11:47:36.829902,2025-09-25 15:23:58.079,
a46e7359-0427-4ec0-879d-6cdb18f5aff1,90341f70-0087-4628-a03e-c776221292af,2025-07-09 21:46:16.727+00,2025-07-09 21:46:43.701+00,ended,2025-07-09 21:46:16.730042,2025-07-09 21:46:43.701,
a47b1625-9b90-4647-86eb-a350edc25885,dfef8c51-f869-4ead-874d-78d740bfa5d4,2025-06-24 00:37:42.745+00,2025-06-24 00:37:43.308+00,ended,2025-06-24 00:37:42.745826,2025-06-24 00:37:43.308,
a4e09e7c-0607-45fd-a8a7-65996db49ea9,90341f70-0087-4628-a03e-c776221292af,2025-07-07 17:37:16.094+00,2025-07-07 17:37:40.253+00,ended,2025-07-07 17:37:16.095784,2025-07-07 17:37:40.253,
a4e8e3eb-89bf-415f-b9fe-2c8fd2511603,13089f04-828f-4918-97fd-e5796ef04e77,2025-06-24 03:34:30.966+00,2025-06-24 03:34:31.706+00,ended,2025-06-24 03:34:31.011417,2025-06-24 03:34:31.706,
a5490ad0-56bb-412c-bd98-ffda38bbebe0,960f83ce-2545-4062-a5b6-0bab96f7f492,2025-09-21 19:44:16.242+00,2025-09-21 19:46:14.739+00,ended,2025-09-21 19:44:16.242204,2025-09-21 19:46:14.739,
a597a220-ab20-4527-a2c4-968cf1a89257,dfef8c51-f869-4ead-874d-78d740bfa5d4,2025-06-24 00:37:40.342+00,2025-06-24 00:37:41.031+00,ended,2025-06-24 00:37:40.347074,2025-06-24 00:37:41.031,
a5c3b8e7-91c5-43d4-86ac-7ecab215b80f,dfef8c51-f869-4ead-874d-78d740bfa5d4,2025-06-24 00:37:41.544+00,2025-06-24 00:37:42.095+00,ended,2025-06-24 00:37:41.546696,2025-06-24 00:37:42.095,
a62934e7-1607-4049-9202-9d0c44524fe4,42c02ad6-de37-47a7-ac6e-e5d9130e7d19,2025-07-28 11:06:04.051+00,2025-07-28 11:06:41.108+00,ended,2025-07-28 11:06:04.053663,2025-07-28 11:06:41.108,
a68593bc-ed87-461f-831d-1a2e518f68ae,39fe92a0-a86d-4794-b66f-dcc7cbec2118,2025-07-22 03:10:22.761+00,2025-07-22 03:13:01.483+00,ended,2025-07-22 03:10:22.765534,2025-07-22 03:13:01.483,"Your posture analysis shows a recurring pattern of poor head posture, specifically a forward head position and head tilt, appearing intermittently throughout the session.  While there were periods of better posture, particularly towards the middle, these positive trends didn't last.  The most frequent issues were related to the head and neck, suggesting these areas need the most attention.

To improve your posture, I recommend focusing on strengthening your neck and upper back muscles.  Simple exercises like chin tucks (to counteract the forward head position) and shoulder blade squeezes (to improve upper back posture) can make a big difference.  Try incorporating short breaks every 20-30 minutes to consciously check your posture and perform these exercises.

Consider adjusting your workstation setup.  Ensure your monitor is at eye level to reduce the need to tilt your head forward.  Using a supportive chair with good lumbar support can also significantly improve your overall posture and reduce strain on your neck and back.

Remember, consistency is key.  Even small, regular adjustments to your posture and workstation can lead to significant long-term improvements.  Keep practicing these exercises and making mindful adjustments, and you'll see positive changes over time.
"
a69c01e1-c4a0-4672-8aa1-10c09dfc7da6,ca605e3d-176d-4c09-a35e-1e2a7ae01031,2025-07-23 21:03:37.596+00,2025-07-23 21:04:52.962+00,ended,2025-07-23 21:03:37.600337,2025-07-23 21:04:52.962,
a6a2d3f5-93aa-40fa-a543-e449f77a0942,79ff3ffa-acb8-4f21-89c3-a04ccb1408a2,2025-06-16 20:31:51.952+00,2025-06-16 20:35:43.553+00,ended,2025-06-16 20:31:51.939721,2025-06-16 20:35:43.553,"1. Overall Session Score

Your posture session was classified as acceptable. While there were some periods of good posture, a noticeable number of minutes fell into the fair category, indicating room for improvement.

2. Deep Dive on Problem Metrics

Two metrics stand out: head and neck posture.  

Head-neck angle: This measures how aligned your head is with your neck and spine.  It was fair or poor for approximately 50% of the session, often showing up in short bursts. Poor head-neck alignment puts extra strain on your neck muscles, leading to stiffness, headaches, and potentially long-term neck pain.

Shoulder posture: This refers to the slope of your shoulders.  It was fair or poor for about 30% of the session, appearing somewhat sporadically.  Rounded shoulders can compress your chest, impacting breathing and potentially causing upper back pain and discomfort.

3. Structured Solution Plan

a. Immediate Cues:  Check your posture now. Make sure your ears are aligned over your shoulders and your shoulders are relaxed and back.

b. Workstation Tweaks:  Adjust your chair so your feet are flat on the floor. Your monitor should be at eye level to prevent neck strain. If your keyboard is too low, try raising it with books or a stand. Good lighting is also crucial to avoid straining your eyes and neck.

c. Micro-Break & Exercise Routine: Every 30 minutes, take a 2-minute break.  Do shoulder rolls (forward and backward) to counter rounded shoulders.  For head-neck alignment, gently tilt your head side to side and do chin tucks.

4. Progress & Tracking Tips

Aim to reduce the number of minutes with fair or poor posture by half next week.  Use a phone app or a simple timer to remind yourself to take posture breaks.  Pay attention to how you feel – stiffness or discomfort are signals to adjust.

5. Motivational Close

Improving your posture is a journey, not a race.  Celebrate each small win, and remember consistency is key!  Even small changes can make a big difference in your comfort and well-being.
"
a6bdc311-0b0d-4be6-8636-8cbbc3daa99d,90341f70-0087-4628-a03e-c776221292af,2025-10-07 21:08:18.103+00,2025-10-07 21:08:26.096+00,ended,2025-10-07 21:08:18.10651,2025-10-07 21:08:26.096,
a6d46467-655e-4247-9c2f-bfb319c4f778,dde595c5-b5db-4b29-8063-8fcc3e565c2e,2025-08-25 12:01:23.232+00,2025-08-25 12:02:01.648+00,ended,2025-08-25 12:01:23.238682,2025-08-25 12:02:01.648,
a6f15191-25c8-4745-bca3-3f1a1c7e2283,13089f04-828f-4918-97fd-e5796ef04e77,2025-06-24 03:45:07.557+00,2025-06-24 03:45:08.406+00,ended,2025-06-24 03:45:07.564427,2025-06-24 03:45:08.406,
a6f81621-da9a-45aa-b2fd-06e7c76f0d52,ec9df34f-aa24-4a6f-8596-b11fd5b85001,2025-09-02 09:42:22.583+00,2025-09-02 09:42:43.402+00,ended,2025-09-02 09:42:22.606701,2025-09-02 09:42:43.402,
a72926a6-73e3-4baa-95bf-d4acafa2229f,90341f70-0087-4628-a03e-c776221292af,2025-07-12 04:58:31.352+00,2025-07-12 04:59:07.481+00,ended,2025-07-12 04:58:31.355421,2025-07-12 04:59:07.481,
a761b3c7-8727-4e71-9be9-02138e0a6915,dfef8c51-f869-4ead-874d-78d740bfa5d4,2025-06-24 00:37:42.166+00,2025-06-24 00:37:42.853+00,ended,2025-06-24 00:37:42.189302,2025-06-24 00:37:42.853,
a7b50fae-de28-4669-a7dc-741ec49754af,1ac653f4-5275-4e21-814d-56992851e16a,2025-10-03 15:04:16.144+00,2025-10-03 15:28:36.236+00,ended,2025-10-03 15:04:16.147699,2025-10-03 15:28:36.236,
a7c9ec1d-f4ae-4115-aa93-2308d8a1dea7,90341f70-0087-4628-a03e-c776221292af,2025-07-09 21:53:11.015+00,2025-07-09 21:53:40.245+00,ended,2025-07-09 21:53:11.0169,2025-07-09 21:53:40.245,
a7da9419-5ff1-4ce9-b7b7-62382295466a,dfef8c51-f869-4ead-874d-78d740bfa5d4,2025-06-24 00:37:41.599+00,2025-06-24 00:37:42.158+00,ended,2025-06-24 00:37:41.601947,2025-06-24 00:37:42.158,
a7fa844b-869c-4215-a6a0-bfdcdf455c78,4bd6521f-4dc4-4a4f-bd8d-0cbb24653b76,2025-06-08 18:05:04.913+00,2025-06-08 18:05:05.332+00,ended,2025-06-08 18:05:04.917211,2025-06-08 18:05:05.332,
a808b7e3-a3df-40fb-bc9c-46a1e4767324,90341f70-0087-4628-a03e-c776221292af,2025-07-09 23:51:57.48+00,2025-07-09 23:52:25.114+00,ended,2025-07-09 23:51:57.482433,2025-07-09 23:52:25.114,
a83d7efc-e08f-4b23-99fb-681a066233b2,dfef8c51-f869-4ead-874d-78d740bfa5d4,2025-06-24 00:37:43.897+00,2025-06-24 00:37:44.536+00,ended,2025-06-24 00:37:43.900047,2025-06-24 00:37:44.536,
a85b5832-378c-474b-874f-49dcdc8e6caf,dfef8c51-f869-4ead-874d-78d740bfa5d4,2025-06-24 00:37:43.277+00,2025-06-24 00:37:43.832+00,ended,2025-06-24 00:37:43.278486,2025-06-24 00:37:43.832,
a877069f-4ac8-4b07-991e-3b1400519917,4bd6521f-4dc4-4a4f-bd8d-0cbb24653b76,2025-06-09 11:45:36.871+00,2025-06-09 11:46:27.889+00,ended,2025-06-09 11:45:36.874288,2025-06-09 11:46:27.889,
a88e4cc0-77dc-474d-b66d-2b2bcb1bb2f2,4bd6521f-4dc4-4a4f-bd8d-0cbb24653b76,2025-06-09 12:34:40.991+00,2025-06-09 12:35:42.5+00,ended,2025-06-09 12:34:40.996533,2025-06-09 12:35:42.501,
